Date,ECMWF_Predicted_High
2022-01-21,7.72
2022-01-23,7.12
2022-01-24,5.16
2022-01-25,4.44
2022-01-26,6.76
2022-01-27,5.52
2022-01-28,13.18
2022-01-29,9.72
2022-01-30,12.79
2022-01-31,8.34
2022-02-01,10.29
2022-02-02,13.65
2022-02-03,11.25
2022-02-04,9.69
2022-02-05,10.6
2022-02-06,8.58
2022-02-07,10.07
2022-02-08,11.23
2022-02-09,11.73
2022-02-10,11.46
2022-02-11,12.34
2022-02-12,9.59
2022-02-13,8.14
2022-02-14,3.61
2022-02-15,7.57
2022-02-16,9.97
2022-02-17,13.34
2022-02-18,9.88
2022-02-19,13.11
2022-02-20,13.85
2022-02-21,13.48
2022-02-22,14.0
2022-02-23,15.14
2022-02-24,12.02
2022-02-25,12.82
2022-02-26,12.08
2022-02-27,9.98
2022-02-28,11.46
2022-03-01,8.74
2022-03-02,10.2
2022-03-03,12.14
2022-03-04,10.76
2022-03-05,8.52
2022-03-06,8.49
2022-03-07,9.43
2022-03-08,8.5
2022-03-09,10.84
2022-03-10,13.08
2022-03-11,10.71
2022-03-12,7.73
2022-03-13,9.9
2022-03-14,12.62
2022-03-15,13.82
2022-03-16,16.26
2022-03-17,13.67
2022-03-18,12.02
2022-03-19,13.3
2022-03-20,13.56
2022-03-21,12.93
2022-03-22,14.38
2022-03-23,18.19
2022-03-24,20.13
2022-03-25,19.5
2022-03-26,20.2
2022-03-27,20.78
2022-03-28,20.63
2022-03-29,18.49
2022-03-30,12.08
2022-03-31,16.16
2022-04-01,14.02
2022-04-02,7.22
2022-05-01,20.23
2022-05-05,15.85
2022-05-06,17.16
2022-05-07,20.05
2022-05-08,19.57
2022-05-09,22.18
2022-05-10,23.98
2022-05-11,26.08
2022-05-12,26.17
2022-05-13,25.5
2022-05-14,25.02
2022-05-15,26.46
2022-05-16,26.54
2022-05-17,30.02
2022-05-18,28.47
2022-05-19,27.62
2022-05-20,29.5
2022-05-21,31.73
2022-05-22,29.62
2022-05-23,27.24
2022-05-24,23.47
2022-05-25,23.59
2022-05-26,25.7
2022-05-27,29.22
2022-05-28,24.07
2022-05-29,18.52
2022-05-30,20.26
2022-05-31,23.66
2022-06-01,26.05
2022-06-02,28.78
2022-06-03,24.42
2022-06-04,28.52
2022-06-05,25.26
2022-06-06,28.68
2022-06-07,25.31
2022-06-08,25.06
2022-06-09,25.54
2022-06-10,28.76
2022-06-11,30.7
2022-06-12,32.4
2022-06-13,32.66
2022-06-14,30.15
2022-06-15,30.79
2022-06-16,33.21
2022-06-17,34.1
2022-06-18,32.74
2022-06-19,33.02
2022-06-20,32.72
2022-06-21,31.36
2022-06-22,26.12
2022-06-23,27.1
2022-06-24,23.7
2022-06-25,27.44
2022-06-26,29.14
2022-06-27,31.48
2022-06-28,25.51
2022-06-29,29.22
2022-06-30,28.54
2022-07-01,27.2
2022-07-02,32.04
2022-07-03,33.84
2022-07-04,32.75
2022-07-05,33.28
2022-07-06,31.99
2022-07-07,31.26
2022-07-08,32.34
2022-07-09,32.09
2022-07-10,32.1
2022-07-11,32.46
2022-07-12,29.26
2022-07-13,33.03
2022-07-14,33.31
2022-07-15,36.5
2022-07-16,34.83
2022-07-17,33.04
2022-07-18,34.74
2022-07-19,34.76
2022-07-20,34.97
2022-07-21,36.08
2022-07-22,36.16
2022-07-23,33.88
2022-07-24,33.83
2022-07-25,34.01
2022-07-26,34.58
2022-07-27,29.81
2022-07-28,28.81
2022-07-29,29.9
2022-07-30,32.11
2022-07-31,33.66
2022-08-01,34.81
2022-08-02,33.32
2022-08-03,34.42
2022-08-04,36.06
2022-08-05,35.76
2022-08-06,36.16
2022-08-07,28.94
2022-08-08,31.98
2022-08-09,31.84
2022-08-10,32.26
2022-08-11,31.03
2022-08-12,29.93
2022-08-13,29.48
2022-08-14,30.16
2022-08-15,29.61
2022-08-16,31.33
2022-08-17,27.2
2022-08-18,21.59
2022-08-19,25.55
2022-08-20,29.95
2022-08-21,29.65
2022-08-22,29.52
2022-08-23,30.14
2022-08-24,30.05
2022-08-25,30.86
2022-08-26,29.11
2022-08-27,27.01
2022-08-28,28.26
2022-08-29,29.08
2022-08-30,27.47
2022-08-31,26.35
2022-09-01,24.98
2022-09-02,24.92
2022-09-03,23.52
2022-09-04,26.05
2022-09-05,26.69
2022-09-06,28.08
2022-09-07,24.5
2022-09-08,24.79
2022-09-09,22.77
2022-09-10,24.97
2022-09-11,25.39
2022-09-12,25.9
2022-09-13,26.49
2022-09-14,25.55
2022-09-15,27.24
2022-09-16,27.33
2022-09-17,21.12
2022-09-18,22.21
2022-09-19,23.21
2022-09-20,22.55
2022-09-21,17.84
2022-09-22,20.66
2022-09-23,20.32
2022-09-24,14.7
2022-09-25,19.47
2022-09-26,20.28
2022-09-27,20.73
2022-09-28,19.37
2022-09-29,18.12
2022-09-30,14.45
2022-10-01,18.42
2022-10-02,22.7
2022-10-03,22.48
2022-10-04,21.27
2022-10-05,21.36
2022-10-06,22.49
2022-10-07,23.11
2022-10-08,22.25
2022-10-09,16.82
2022-10-10,18.24
2022-10-11,20.55
2022-10-12,20.35
2022-10-13,19.7
2022-10-14,18.97
2022-10-15,20.11
2022-10-16,20.16
2022-10-17,21.74
2022-10-18,21.88
2022-10-19,22.65
2022-10-20,21.26
2022-10-21,16.1
2022-10-22,19.78
2022-10-23,17.62
2022-10-24,16.33
2022-10-25,19.63
2022-10-26,20.75
2022-10-27,21.24
2022-10-28,21.66
2022-10-29,21.81
2022-10-30,22.05
2022-10-31,20.76
2022-11-01,17.05
2022-11-02,16.57
2022-11-03,14.78
2022-11-04,16.39
2022-11-05,17.17
2022-11-06,14.35
2022-11-07,15.16
2022-11-08,14.06
2022-11-09,13.29
2022-11-10,15.46
2022-11-11,15.86
2022-11-12,14.92
2022-11-13,14.1
2022-11-14,11.23
2022-11-15,9.7
2022-11-16,12.45
2022-11-17,12.76
2022-11-18,14.58
2022-11-19,11.76
2022-11-20,13.36
2022-11-21,11.31
2022-11-22,10.75
2022-11-23,11.76
2022-11-24,14.09
2022-11-25,10.36
2022-11-26,13.87
2022-11-27,11.09
2022-11-28,7.48
2022-11-29,6.08
2022-11-30,5.29
2022-12-01,8.97
2022-12-02,5.98
2022-12-03,6.04
2022-12-04,7.87
2022-12-05,7.82
2022-12-06,7.68
2022-12-07,5.24
2022-12-08,6.53
2022-12-09,4.23
2022-12-10,7.39
2022-12-11,6.72
2022-12-12,3.53
2022-12-13,2.43
2022-12-14,4.34
2022-12-15,2.25
2022-12-16,5.07
2022-12-17,6.87
2022-12-18,6.79
2022-12-19,6.42
2022-12-20,6.75
2022-12-21,8.89
2022-12-22,8.92
2022-12-23,8.76
2022-12-24,7.11
2022-12-25,10.23
2022-12-26,11.77
2022-12-27,12.13
2022-12-28,8.63
2022-12-29,9.87
2022-12-30,10.13
2022-12-31,11.37
2023-01-01,9.12
2023-01-02,9.22
2023-01-03,9.77
2023-01-04,10.13
2023-01-05,11.0
2023-01-06,7.62
2023-01-07,7.51
2023-01-08,6.91
2023-01-09,11.06
2023-01-10,10.99
2023-01-11,9.96
2023-01-12,9.24
2023-01-13,9.71
2023-01-14,9.54
2023-01-15,8.23
2023-01-16,4.74
2023-01-17,2.61
2023-01-18,5.56
2023-01-19,5.88
2023-01-20,5.94
2023-01-21,7.06
2023-01-22,7.34
2023-01-23,5.29
2023-01-24,9.63
2023-01-25,9.24
2023-01-26,5.19
2023-01-27,4.04
2023-01-28,6.56
2023-01-29,6.33
2023-01-30,7.72
2023-01-31,9.72
2023-02-01,10.88
2023-02-02,12.22
2023-02-03,12.13
2023-02-04,16.79
2023-02-05,8.39
2023-02-06,4.71
2023-02-07,5.42
2023-02-08,4.23
2023-02-09,3.32
2023-02-10,6.14
2023-02-11,9.28
2023-02-12,11.67
2023-02-13,11.13
2023-02-14,12.16
2023-02-15,13.53
2023-02-16,11.92
2023-02-17,12.13
2023-02-18,13.51
2023-02-19,13.68
2023-02-20,10.9
2023-02-21,12.38
2023-02-22,12.33
2023-02-23,13.36
2023-02-24,12.74
2023-02-25,14.31
2023-02-26,4.62
2023-02-27,4.9
2023-02-28,8.22
2023-03-01,8.67
2023-03-02,11.24
2023-03-03,13.2
2023-03-04,13.61
2023-03-05,14.19
2023-03-06,11.87
2023-03-07,11.48
2023-03-08,13.46
2023-03-09,17.04
2023-03-10,14.29
2023-03-11,11.53
2023-03-12,14.94
2023-03-13,14.36
2023-03-14,14.97
2023-03-15,12.84
2023-03-16,13.46
2023-03-17,12.8
2023-03-18,14.35
2023-03-19,14.6
2023-03-20,16.13
2023-03-21,17.18
2023-03-22,18.57
2023-03-23,18.19
2023-03-24,15.59
2023-03-25,17.75
2023-03-26,13.58
2023-03-27,15.25
2023-03-28,13.62
2023-03-29,15.9
2023-03-30,13.8
2023-03-31,13.4
2023-04-01,17.66
2023-04-02,17.46
2023-04-03,15.24
2023-04-04,11.93
2023-04-05,11.89
2023-04-06,12.32
2023-04-07,12.87
2023-04-08,17.75
2023-04-09,15.69
2023-04-10,15.34
2023-04-11,18.68
2023-04-12,16.87
2023-04-13,15.23
2023-04-14,17.95
2023-04-15,16.58
2023-04-16,19.13
2023-04-17,18.55
2023-04-18,20.54
2023-04-19,17.65
2023-04-20,12.42
2023-04-21,12.35
2023-04-22,18.57
2023-04-23,19.25
2023-04-24,19.7
2023-04-25,18.73
2023-04-26,18.88
2023-04-27,19.57
2023-04-28,20.33
2023-04-29,20.93
2023-04-30,17.74
2023-05-01,14.74
2023-05-02,20.95
2023-05-03,20.24
2023-05-04,20.45
2023-05-05,22.63
2023-05-06,24.53
2023-05-07,22.08
2023-05-08,20.88
2023-05-09,19.91
2023-05-10,17.16
2023-05-11,15.21
2023-05-12,16.58
2023-05-13,16.94
2023-05-14,17.68
2023-05-15,20.14
2023-05-16,19.32
2023-05-17,15.84
2023-05-18,18.05
2023-05-19,13.71
2023-05-20,16.04
2023-05-21,20.6
2023-05-22,23.66
2023-05-23,26.14
2023-05-24,21.28
2023-05-25,22.3
2023-05-26,26.08
2023-05-27,23.95
2023-05-28,22.64
2023-05-29,23.94
2023-05-30,23.7
2023-05-31,22.46
2023-06-01,24.57
2023-06-02,24.13
2023-06-03,22.38
2023-06-04,20.83
2023-06-07,22.9
2023-06-08,22.32
2023-06-09,22.74
2023-06-12,25.17
2023-06-13,21.86
2023-06-14,23.15
2023-06-15,24.76
2023-06-16,25.8
2023-06-17,26.47
2023-06-18,26.5
2023-06-19,26.04
2023-06-20,27.51
2023-06-21,28.75
2023-06-22,28.95
2023-06-23,29.31
2023-06-24,30.28
2023-06-25,29.48
2023-06-26,31.51
2023-06-27,31.55
2023-06-28,28.29
2023-06-29,26.43
2023-06-30,21.33
2023-07-01,26.15
2023-07-02,28.19
2023-07-03,26.14
2023-07-04,24.84
2023-07-05,26.03
2023-07-06,23.98
2023-07-07,27.02
2023-07-08,27.18
2023-07-09,30.81
2023-07-10,32.59
2023-07-11,32.81
2023-07-12,24.42
2023-07-13,27.59
2023-07-14,26.14
2023-07-15,28.94
2023-07-16,29.9
2023-07-17,30.98
2023-07-18,31.76
2023-07-19,31.57
2023-07-20,30.59
2023-07-21,24.31
2023-07-22,25.98
2023-07-23,26.64
2023-07-24,24.65
2023-07-25,26.07
2023-07-26,25.94
2023-07-27,25.46
2023-07-28,27.12
2023-07-29,27.41
2023-07-30,29.76
2023-07-31,28.41
2023-08-01,26.72
2023-08-02,28.24
2023-08-03,27.62
2023-08-04,21.44
2023-08-05,28.41
2023-08-06,26.09
2023-08-07,25.66
2023-08-08,25.95
2023-08-09,27.68
2023-08-10,27.69
2023-08-11,29.07
2023-08-12,29.96
2023-08-13,31.31
2023-08-14,31.52
2023-08-15,31.36
2023-08-16,30.34
2023-08-17,30.25
2023-08-18,32.7
2023-08-19,33.47
2023-08-20,33.78
2023-08-21,34.45
2023-08-22,35.01
2023-08-23,34.98
2023-08-24,35.54
2023-08-25,33.9
2023-08-26,27.39
2023-08-27,21.68
2023-08-28,17.37
2023-08-29,21.95
2023-08-30,23.97
2023-08-31,23.26
2023-09-01,24.36
2023-09-02,26.1
2023-09-03,27.9
2023-09-04,27.73
2023-09-05,23.77
2023-09-06,25.73
2023-09-07,26.37
2023-09-08,26.77
2023-09-09,27.25
2023-09-10,28.14
2023-09-11,28.56
2023-09-12,27.95
2023-09-13,21.59
2023-09-14,24.63
2023-09-15,21.96
2023-09-16,23.22
2023-09-17,24.88
2023-09-18,22.18
2023-09-19,25.06
2023-09-20,21.8
2023-09-21,20.63
2023-09-22,19.29
2023-09-23,20.59
2023-09-24,21.78
2023-09-25,22.11
2023-09-26,23.57
2023-09-27,24.69
2023-09-28,24.59
2023-09-29,24.4
2023-09-30,24.85
2023-10-01,24.93
2023-10-02,24.7
2023-10-03,24.28
2023-10-04,22.26
2023-10-05,22.57
2023-10-06,23.28
2023-10-07,23.83
2023-10-08,26.89
2023-10-09,27.7
2023-10-10,24.99
2023-10-11,23.47
2023-10-12,22.77
2023-10-13,22.18
2023-10-14,21.66
2023-10-15,20.93
2023-10-16,16.59
2023-10-17,16.12
2023-10-18,13.95
2023-10-19,12.85
2023-10-20,17.69
2023-10-21,16.86
2023-10-22,17.9
2023-10-23,16.81
2023-10-24,14.23
2023-10-25,16.9
2023-10-26,16.39
2023-10-27,19.15
2023-10-28,17.25
2023-10-29,15.79
2023-10-30,13.79
2023-10-31,17.0
2023-11-01,12.97
2023-11-02,11.6
2023-11-03,13.71
2023-11-04,11.06
2023-11-05,13.36
2023-11-06,13.89
2023-11-07,12.82
2023-11-08,13.22
2023-11-09,9.59
2023-11-10,11.6
2023-11-11,13.23
2023-11-12,11.6
2023-11-13,13.48
2023-11-14,15.16
2023-11-15,14.71
2023-11-16,12.88
2023-11-17,15.02
2023-11-18,12.95
2023-11-19,13.15
2023-11-20,11.2
2023-11-21,12.76
2023-11-22,14.38
2023-11-23,11.66
2023-11-24,14.78
2023-11-25,8.31
2023-11-26,11.23
2023-11-27,7.56
2023-11-28,8.6
2023-11-29,8.98
2023-11-30,5.18
2023-12-01,5.92
2023-12-02,9.44
2023-12-03,7.12
2023-12-04,3.34
2023-12-05,4.05
2023-12-06,6.59
2023-12-07,8.15
2023-12-08,3.94
2023-12-09,4.88
2023-12-10,8.81
2023-12-11,8.31
2023-12-12,6.73
2023-12-13,8.25
2023-12-14,10.02
2023-12-15,12.37
2023-12-16,8.26
2023-12-17,8.55
2023-12-18,9.8
2023-12-19,11.94
2023-12-20,10.13
2023-12-21,7.62
2023-12-22,11.42
2023-12-23,15.23
2023-12-24,12.38
2023-12-25,10.82
2023-12-26,10.49
2023-12-27,9.52
2023-12-28,9.64
2023-12-29,10.31
2023-12-30,10.14
2023-12-31,7.34
2024-01-01,9.81
2024-01-02,7.55
2024-01-03,9.57
2024-01-04,11.28
2024-01-05,5.73
2024-01-06,10.31
2024-01-07,9.55
2024-01-08,8.12
2024-01-09,4.54
2024-01-10,3.93
2024-01-11,6.29
2024-01-12,5.47
2024-01-13,4.51
2024-01-14,5.99
2024-01-15,6.02
2024-01-16,6.67
2024-01-17,5.26
2024-01-18,7.81
2024-01-19,8.16
2024-01-20,5.94
2024-01-21,6.27
2024-01-22,7.15
2024-01-23,4.1
2024-01-24,8.08
2024-01-25,11.45
2024-01-26,7.91
2024-01-27,13.93
2024-01-28,6.66
2024-01-29,7.21
2024-01-30,7.81
2024-01-31,9.94
2024-02-01,8.2
2024-02-02,13.11
2024-02-03,14.16
2024-02-04,15.21
2024-02-05,12.74
2024-02-06,9.31
2024-02-07,10.74
2024-02-08,11.42
2024-02-09,8.43
2024-02-10,8.06
2024-02-11,12.25
2024-02-12,12.11
2024-02-13,13.48
2024-02-14,12.87
2024-02-15,12.97
2024-02-16,13.33
2024-02-17,14.97
2024-02-18,14.62
2024-02-19,17.04
2024-02-20,15.0
2024-02-21,13.58
2024-02-22,9.96
2024-02-23,7.57
2024-02-24,7.93
2024-02-25,8.08
2024-02-26,4.57
2024-02-27,7.14
2024-02-28,14.48
2024-02-29,13.7
2024-03-01,8.21
2024-03-02,9.16
2024-03-03,10.06
2024-03-04,13.72
2024-03-05,11.84
2024-03-06,11.77
2024-03-07,13.26
2024-03-08,8.46
2024-03-09,8.83
2024-03-10,6.34
2024-03-11,13.21
2024-03-12,15.88
2024-03-13,15.44
2024-03-14,16.27
2024-03-15,15.26
2024-03-16,18.22
2024-03-17,16.57
2024-03-18,15.6
2024-03-19,16.69
2024-03-20,15.8
2024-03-21,19.63
2024-03-22,18.44
2024-03-23,15.57
2024-03-24,14.33
2024-03-25,14.16
2024-03-26,9.21
2024-03-27,8.98
2024-03-28,9.44
2024-03-29,10.62
2024-03-30,13.42
2024-03-31,11.87
2024-04-01,10.48
2024-04-02,17.1
2024-04-03,12.13
2024-04-04,17.05
2024-04-05,16.91
2024-04-06,20.3
2024-04-07,22.03
2024-04-08,22.96
2024-04-09,13.88
2024-04-10,14.43
2024-04-11,20.18
2024-04-12,23.43
2024-04-13,24.77
2024-04-14,25.41
2024-04-15,21.23
2024-04-16,15.96
2024-04-17,15.99
2024-04-18,13.5
2024-04-19,15.31
2024-04-20,14.31
2024-04-21,12.12
2024-04-22,7.65
2024-04-23,11.75
2024-04-24,15.18
2024-04-25,12.7
2024-04-26,12.27
2024-04-27,12.04
2024-04-28,14.07
2024-04-29,20.52
2024-04-30,22.39
2024-05-01,14.62
2024-05-02,14.45
2024-05-03,19.5
2024-05-04,18.42
2024-05-05,19.18
2024-05-06,14.79
2024-05-07,14.7
2024-05-08,20.54
2024-05-09,21.26
2024-05-10,21.64
2024-05-11,22.7
2024-05-12,23.17
2024-05-13,20.42
2024-05-14,19.95
2024-05-15,13.76
2024-05-16,15.29
2024-05-17,19.0
2024-05-18,19.36
2024-05-19,21.02
2024-05-20,21.32
2024-05-21,20.74
2024-05-22,20.22
2024-05-23,16.5
2024-05-24,18.3
2024-05-25,18.37
2024-05-26,22.79
2024-05-27,21.93
2024-05-28,23.91
2024-05-29,21.42
2024-05-30,19.42
2024-05-31,17.66
2024-06-01,22.72
2024-06-02,21.81
2024-06-03,21.72
2024-06-04,20.06
2024-06-05,23.61
2024-06-06,24.48
2024-06-07,25.11
2024-06-08,25.12
2024-06-09,23.8
2024-06-10,24.14
2024-06-11,21.36
2024-06-12,20.86
2024-06-13,21.24
2024-06-14,20.4
2024-06-15,19.16
2024-06-16,23.13
2024-06-17,24.44
2024-06-18,26.81
2024-06-19,27.78
2024-06-20,27.18
2024-06-21,23.95
2024-06-22,26.18
2024-06-23,17.77
2024-06-24,23.39
2024-06-25,21.36
2024-06-26,23.88
2024-06-27,27.43
2024-06-28,28.92
2024-06-29,24.8
2024-06-30,24.34
2024-07-01,23.52
2024-07-02,26.85
2024-07-03,21.18
2024-07-04,24.66
2024-07-05,25.85
2024-07-06,22.83
2024-07-07,21.96
2024-07-08,26.38
2024-07-09,28.83
2024-07-10,29.73
2024-07-11,30.22
2024-07-12,23.53
2024-07-13,25.57
2024-07-14,27.18
2024-07-15,28.76
2024-07-16,28.95
2024-07-17,28.21
2024-07-18,29.47
2024-07-19,28.52
2024-07-20,29.52
2024-07-21,27.01
2024-07-22,30.47
2024-07-23,29.25
2024-07-24,29.23
2024-07-25,27.82
2024-07-26,29.18
2024-07-27,28.84
2024-07-28,31.79
2024-07-29,28.61
2024-07-30,29.6
2024-07-31,30.65
2024-08-01,30.58
2024-08-02,29.38
2024-08-03,30.29
2024-08-04,29.78
2024-08-05,30.76
2024-08-06,29.39
2024-08-07,28.14
2024-08-09,31.38
2024-08-10,32.32
2024-08-11,33.16
2024-08-12,32.67
2024-08-13,30.76
2024-08-14,32.16
2024-08-15,32.13
2024-08-16,31.45
2024-08-17,30.42
2024-08-18,24.31
2024-08-19,28.56
2024-08-20,28.54
2024-08-21,32.09
2024-08-22,27.22
2024-08-23,29.58
2024-08-24,29.38
2024-08-25,29.82
2024-08-26,25.92
2024-08-27,27.75
2024-08-28,29.32
2024-08-29,31.44
2024-08-30,31.45
2024-08-31,30.85
2024-09-01,29.37
2024-09-02,27.02
2024-09-03,28.13
2024-09-04,26.09
2024-09-05,19.15
2024-09-06,23.11
2024-09-07,24.73
2024-09-08,20.45
2024-09-09,25.82
2024-09-10,25.84
2024-09-11,21.18
2024-09-12,18.7
2024-09-13,17.08
2024-09-14,17.33
2024-09-15,22.88
2024-09-16,20.95
2024-09-17,18.38
2024-09-18,19.13
2024-09-19,21.16
2024-09-20,22.16
2024-09-21,20.94
2024-09-22,20.87
2024-09-23,16.41
2024-09-24,19.01
2024-09-25,18.8
2024-09-26,16.92
2024-09-27,19.72
2024-09-28,20.48
2024-09-29,18.59
2024-09-30,16.86
2024-10-01,17.67
2024-10-02,19.9
2024-10-03,13.74
2024-10-04,15.12
2024-10-05,16.57
2024-10-06,15.89
2024-10-07,14.03
2024-10-08,14.57
2024-10-09,18.0
2024-10-10,19.71
2024-10-11,19.57
2024-10-12,15.59
2024-10-13,17.86
2024-10-14,17.14
2024-10-15,19.69
2024-10-16,15.51
2024-10-17,16.14
2024-10-18,16.62
2024-10-19,18.09
2024-10-20,19.4
2024-10-21,20.0
2024-10-22,19.49
2024-10-23,17.08
2024-10-24,16.58
2024-10-25,16.02
2024-10-26,16.26
2024-10-27,16.85
2024-10-28,19.22
2024-10-29,19.61
2024-10-30,19.45
2024-10-31,19.74
2024-11-01,19.38
2024-11-02,18.86
2024-11-03,15.67
2024-11-04,16.28
2024-11-05,14.16
2024-11-06,14.88
2024-11-07,14.79
2024-11-08,11.86
2024-11-09,13.47
2024-11-10,15.24
2024-11-11,12.87
2024-11-12,10.82
2024-11-13,12.05
2024-11-14,9.62
2024-11-15,11.18
2024-11-16,10.61
2024-11-17,10.88
2024-11-18,9.66
2024-11-19,9.23
2024-11-20,11.56
2024-11-21,6.62
2024-11-22,4.75
2024-11-23,3.03
2024-11-24,7.84
2024-11-25,9.98
2024-11-26,11.85
2024-11-27,12.27
2024-11-28,10.67
2024-11-29,10.41
2024-11-30,9.71
2024-12-01,10.19
2024-12-02,9.69
2024-12-03,8.3
2024-12-04,9.34
2024-12-05,7.64
2024-12-06,7.62
2024-12-07,5.83
2024-12-08,3.7
2024-12-09,6.98
2024-12-10,7.37
2024-12-11,8.89
2024-12-12,7.13
2024-12-13,4.02
2024-12-14,3.25
2024-12-15,10.72
2024-12-16,11.11
2024-12-17,9.1
2024-12-18,9.15
2024-12-19,6.42
2024-12-20,8.75
2024-12-21,7.63
2024-12-22,5.7
2024-12-23,6.2
2024-12-24,9.4
2024-12-25,8.95
2024-12-26,8.28
2024-12-27,9.61
2024-12-28,11.06
2024-12-29,10.9
2024-12-30,10.83
2024-12-31,9.22
2025-01-01,8.14
2025-01-02,6.34
2025-01-03,8.91
2025-01-04,4.13
2025-01-05,5.41
2025-01-06,3.95
2025-01-07,8.52
2025-01-08,8.75
2025-01-09,6.19
2025-01-10,8.32
2025-01-11,5.88
2025-01-12,5.71
2025-01-13,5.2
2025-01-14,4.01
2025-01-15,7.71
2025-01-16,7.92
2025-01-17,7.15
2025-01-18,9.32
2025-01-19,5.5
2025-01-20,6.38
2025-01-21,9.9
2025-01-22,5.49
2025-01-23,9.31
2025-01-24,9.77
2025-01-25,7.55
2025-01-26,9.64
2025-01-27,6.58
2025-01-28,9.93
2025-01-29,11.03
2025-01-30,8.94
2025-01-31,7.54
2025-02-01,7.28
2025-02-02,12.13
2025-02-03,12.09
2025-02-04,8.46
2025-02-05,10.81
2025-02-06,10.92
2025-02-07,5.08
2025-02-08,3.48
2025-02-09,6.15
2025-02-10,10.5
2025-02-11,8.9
2025-02-12,8.19
2025-02-13,9.83
2025-02-14,8.8
2025-02-15,8.49
2025-02-16,5.15
2025-02-17,4.25
2025-02-18,5.46
2025-02-19,5.07
2025-02-20,8.21
2025-02-21,11.34
2025-02-22,7.88
2025-02-23,14.19
2025-02-24,13.33
2025-02-25,8.56
2025-02-26,14.29
2025-02-27,12.84
2025-02-28,11.78
2025-03-01,9.7
2025-03-02,12.14
2025-03-03,13.57
2025-03-04,14.74
2025-03-05,16.26
2025-03-06,15.46
2025-03-07,15.15
2025-03-08,15.68
2025-03-09,13.55
2025-03-10,11.27
2025-03-11,11.79
2025-03-12,11.37
2025-03-13,11.44
2025-03-14,11.24
2025-03-15,8.97
2025-03-16,12.63
2025-03-17,14.83
2025-03-18,8.88
2025-03-19,12.22
2025-03-20,13.78
2025-03-21,11.02
2025-03-22,9.14
2025-03-23,12.95
2025-03-24,14.79
2025-03-25,16.67
2025-03-26,17.48
2025-03-27,18.74
2025-03-28,18.0
2025-03-29,17.95
2025-03-30,19.48
2025-03-31,17.3
2025-04-01,14.65
2025-04-02,15.03
2025-04-03,18.59
2025-04-04,19.25
2025-04-05,20.67
2025-04-06,15.16
2025-04-07,12.61
2025-04-08,12.52
2025-04-09,15.63
2025-04-10,18.42
2025-04-11,21.02
2025-04-12,18.67
2025-04-13,15.21
2025-04-14,12.75
2025-04-15,14.22
2025-04-16,13.87
2025-04-17,13.97
2025-04-18,18.36
2025-04-19,13.58
2025-04-20,16.75
2025-04-21,18.02
2025-04-22,21.22
2025-04-23,18.68
2025-04-24,20.64
2025-04-25,20.97
2025-04-26,20.3
2025-04-27,18.56
2025-04-28,20.79
2025-04-29,22.57
2025-04-30,23.42
2025-05-01,24.91
2025-05-02,25.44
2025-05-03,23.14
2025-05-04,21.2
2025-05-05,15.06
2025-05-06,16.02
2025-05-07,16.09
2025-05-08,16.95
2025-05-09,16.19
2025-05-10,18.42
2025-05-11,19.95
2025-05-12,20.98
2025-05-13,17.85
2025-05-14,19.64
2025-05-15,23.86
2025-05-16,18.04
2025-05-17,19.38
2025-05-18,21.23
2025-05-19,22.23
2025-05-20,19.48
2025-05-21,21.17
2025-05-22,19.26
2025-05-23,20.93
2025-05-24,18.99
2025-05-25,21.59
2025-05-26,24.27
2025-05-27,21.15
2025-05-28,23.85
2025-05-29,26.77
2025-05-30,26.98
2025-05-31,28.5
2025-06-01,28.78
2025-06-02,23.45
2025-06-03,22.08
2025-06-04,21.96
2025-06-05,19.29
2025-06-06,22.87
2025-06-07,22.71
2025-06-08,25.82
2025-06-09,24.43
2025-06-10,25.73
2025-06-11,29.0
2025-06-12,29.54
2025-06-13,30.38
2025-06-14,29.34
2025-06-15,31.17
2025-06-16,30.05
2025-06-17,27.36
2025-06-18,30.17
2025-06-19,31.96
2025-06-20,30.5
2025-06-21,27.01
2025-06-22,28.42
2025-06-23,29.74
2025-06-24,31.13
2025-06-25,32.66
2025-06-26,29.38
2025-06-28,35.32
2025-06-29,34.83
2025-06-30,31.82
2025-07-01,33.27
2025-07-02,33.29
2025-07-03,32.81
2025-07-04,33.45
2025-07-05,27.78
2025-07-06,25.28
2025-07-07,26.87
2025-07-08,22.83
2025-07-09,24.82
2025-07-10,26.82
2025-07-11,28.49
2025-07-12,28.28
2025-07-13,26.57
2025-07-14,30.22
2025-07-15,31.55
2025-07-16,30.63
2025-07-17,31.88
2025-07-18,30.69
2025-07-19,29.01
2025-07-20,28.11
2025-07-21,25.97
2025-07-23,26.46
2025-07-24,19.59
2025-07-25,23.59
2025-07-26,21.84
2025-07-27,27.59
2025-07-28,25.37
2025-07-29,22.38
2025-07-30,23.87
2025-07-31,26.44
2025-08-01,24.05
2025-08-02,21.63
2025-08-03,24.0
2025-08-04,26.13
2025-08-05,27.01
2025-08-06,26.84
2025-08-07,26.97
2025-08-08,30.12
2025-08-09,31.94
2025-08-10,34.07
2025-08-11,33.85
2025-08-12,33.2
2025-08-13,33.16
2025-08-14,30.98
2025-08-15,32.16
2025-08-16,33.54
2025-08-17,31.02
2025-08-18,29.63
2025-08-19,29.44
2025-08-20,21.35
2025-08-21,22.15
2025-08-22,27.28
2025-08-23,24.3
2025-08-24,22.14
2025-08-25,23.99
2025-08-26,26.33
2025-08-27,22.3
2025-08-28,20.51
2025-08-29,17.68
2025-08-30,23.2
2025-08-31,24.95
2025-09-01,20.21
2025-09-02,22.45
2025-09-03,24.73
2025-09-04,24.98
2025-09-05,24.7
2025-09-06,24.35
2025-09-07,24.54
2025-09-08,23.02
2025-09-09,23.59
2025-09-10,20.55
2025-09-11,23.3
2025-09-12,22.72
2025-09-13,20.23
2025-09-14,23.12
2025-09-15,23.7
2025-09-16,25.0
2025-09-17,21.88
2025-09-18,25.2
2025-09-19,25.63
2025-09-20,26.69
2025-09-21,25.18
2025-09-22,18.82
2025-09-23,20.97
2025-09-24,15.27
2025-09-25,17.74
2025-09-26,12.95
2025-09-27,14.27
2025-09-28,19.49
2025-09-29,20.36
2025-09-30,19.22
2025-10-01,16.64
2025-10-02,15.96
2025-10-03,16.11
2025-10-04,16.71
2025-10-05,18.75
2025-10-06,18.1
2025-10-07,20.08
2025-10-08,19.37
2025-10-09,19.67
2025-10-10,20.9
2025-10-11,20.59
2025-10-12,18.77
2025-10-13,18.36
2025-10-14,16.75
2025-10-15,17.57
2025-10-16,16.56
2025-10-17,16.59
2025-10-18,16.89
2025-10-19,15.43
2025-10-20,11.79
2025-10-21,14.98
2025-10-22,16.08
2025-10-23,13.02
2025-10-24,16.32
2025-10-25,15.19
2025-10-26,16.99
2025-10-27,13.74
2025-10-28,17.13
2025-10-29,12.95
2025-10-30,17.61
2025-10-31,15.04
2025-11-01,15.12
2025-11-02,13.8
2025-11-03,16.42
2025-11-04,15.69
2025-11-05,15.28
2025-11-06,15.31
2025-11-07,13.97
2025-11-08,12.64
2025-11-09,12.47
2025-11-10,14.2
2025-11-11,14.63
2025-11-12,14.77
2025-11-13,13.18
2025-11-14,13.59
2025-11-15,13.0
2025-11-16,11.13
2025-11-17,13.84
2025-11-18,5.17
2025-11-19,7.32
2025-11-20,8.73
2025-11-21,3.71
2025-11-22,7.87
2025-11-23,6.23
2025-11-24,3.94
2025-11-25,7.98
2025-11-26,11.6
2025-11-27,3.24
2025-11-28,1.91
2025-11-29,9.71
2025-11-30,5.38
2025-12-01,5.95
2025-12-03,8.58
2025-12-04,8.63
2025-12-05,9.11
2025-12-06,10.63
2025-12-07,9.05
2025-12-08,11.58
2025-12-09,11.48
2025-12-10,11.3
2025-12-11,10.51
2025-12-12,11.32
2025-12-13,12.4
2025-12-14,12.02
2025-12-15,7.9
2025-12-16,5.6
2025-12-17,8.04
2025-12-18,9.95
2025-12-19,11.04
2025-12-20,8.87
2025-12-21,10.2
2025-12-22,9.04
2025-12-23,8.27
2025-12-24,6.4
2025-12-25,5.75
2025-12-26,7.25
2025-12-27,9.99
2025-12-28,11.38
2025-12-29,8.37
2025-12-30,6.21
2025-12-31,4.08
2026-01-01,4.39
2026-01-02,4.38
2026-01-03,7.45
2026-01-04,6.14
2026-01-05,3.46
2026-01-06,5.04
2026-01-07,3.6
2026-01-08,3.88
2026-01-09,3.64
2026-01-10,7.77
2026-01-11,7.87
2026-01-12,7.47
2026-01-13,8.59
2026-01-14,8.27
2026-01-15,8.08
2026-01-16,9.43
2026-01-17,7.23
2026-01-18,7.67
2026-01-19,5.1
2026-01-20,5.53
2026-01-21,6.85
2026-01-22,6.81
2026-01-23,4.18
2026-01-24,5.06
2026-01-25,6.82
2026-01-26,7.35
2026-01-27,8.02
2026-01-28,3.3
2026-01-29,9.59
2026-01-30,8.68
2026-01-31,8.53
2026-02-01,8.45
2026-02-02,5.26
2026-02-03,4.11
2026-02-04,5.22
2026-02-05,10.42
2026-02-06,11.96
2026-02-07,11.54
2026-02-08,10.91
2026-02-09,10.63
2026-02-10,7.29
2026-02-11,11.5
2026-02-12,9.4
2026-02-13,14.36
2026-02-14,8.11
2026-02-15,12.17
2026-02-16,8.97
2026-02-17,11.8
2026-02-18,11.53
2026-02-19,7.17
2026-02-20,15.3
2026-02-21,13.73
2026-02-22,13.57
2026-02-23,14.16
2026-02-24,19.3
2026-02-25,13.9
2026-02-26,15.37
2026-02-27,15.55
2026-02-28,14.07
2026-03-01,11.45
2026-03-02,11.56
2026-03-03,13.61
2026-03-04,14.5
2026-03-05,13.66
2026-03-06,14.89
2026-03-07,15.79
2026-03-08,15.61
2026-03-09,13.36
2026-03-10,10.34
2026-03-11,12.6
2026-03-12,15.34
2026-03-13,14.53
2026-03-14,8.62
2026-03-15,13.13
2026-03-16,17.73
2026-03-17,14.43
2026-03-18,13.13
2026-03-19,15.94
2026-03-20,13.81
2026-03-21,14.1
2026-03-22,11.36
2026-03-23,14.88
2026-03-24,16.04
2026-03-25,16.32
2026-03-26,10.53
2026-03-27,11.19
2026-03-28,15.76
2026-03-29,14.56
2026-03-30,15.81
2026-03-31,12.64
2026-04-01,14.85
2026-04-02,18.1
2026-04-03,20.37
2026-04-04,21.66
2026-04-05,22.6
2026-04-06,24.05
2026-04-07,23.7
2026-04-08,23.06
2026-04-09,20.44
2026-04-10,20.48
2026-04-11,20.51
2026-04-12,18.8
2026-04-13,14.6
2026-04-14,19.43
2026-04-15,19.91
2026-04-16,22.15
2026-04-17,21.17
2026-04-18,22.0
2026-04-19,20.89
2026-04-20,19.96
2026-04-21,18.19
2026-04-22,15.08
2026-04-23,19.73
2026-04-24,22.8
2026-04-25,23.04
2026-04-26,24.23
2026-04-27,24.63
2026-04-28,20.48
2026-04-29,21.68
2026-04-30,17.37
2026-05-01,19.01
2026-05-02,22.9
2026-05-03,23.47
2026-05-04,20.09
2026-05-05,13.15
2026-05-06,14.45
2026-05-07,18.99
2026-05-08,19.14
2026-05-09,21.69
2026-05-10,15.64
2026-05-11,17.74
