Date,Oracle_High_C
2021-05-03,19.0
2021-05-04,20.0
2021-05-05,20.0
2021-05-06,20.0
2021-05-07,24.0
2021-05-08,20.0
2021-05-09,22.0
2021-05-10,19.0
2021-05-11,14.0
2021-05-12,22.0
2021-05-13,22.0
2021-05-14,20.0
2021-05-15,18.0
2021-05-16,18.0
2021-05-17,24.0
2021-05-18,23.0
2021-05-19,22.0
2021-05-20,23.0
2021-05-21,21.0
2021-05-22,19.0
2021-05-23,23.0
2021-05-24,16.0
2021-05-25,22.0
2021-05-26,22.0
2021-05-27,24.0
2021-05-28,24.0
2021-05-29,25.0
2021-05-30,24.0
2021-05-31,23.0
2021-06-01,25.0
2021-06-02,22.0
2021-06-03,27.0
2021-06-04,28.0
2021-06-05,26.0
2021-06-06,28.0
2021-06-07,24.0
2021-06-08,26.0
2021-06-09,28.0
2021-06-10,28.0
2021-06-11,28.0
2021-06-12,29.0
2021-06-13,33.0
2021-06-14,30.0
2021-06-15,28.0
2021-06-16,30.0
2021-06-17,30.0
2021-06-18,31.0
2021-06-19,29.0
2021-06-20,29.0
2021-06-21,29.0
2021-06-22,30.0
2021-06-23,29.0
2021-06-24,28.0
2021-06-25,28.0
2021-06-26,30.0
2021-06-27,31.0
2021-06-28,33.0
2021-06-29,29.0
2021-06-30,29.0
2021-07-01,30.0
2021-07-02,30.0
2021-07-03,29.0
2021-07-04,24.0
2021-07-05,30.0
2021-07-06,31.0
2021-07-07,31.0
2021-07-08,26.0
2021-07-09,30.0
2021-07-10,30.0
2021-07-11,29.0
2021-07-12,29.0
2021-07-13,28.0
2021-07-14,26.0
2021-07-15,24.0
2021-07-16,28.0
2021-07-17,33.0
2021-07-18,34.0
2021-07-19,32.0
2021-07-20,32.0
2021-07-21,32.0
2021-07-22,32.0
2021-07-23,31.0
2021-07-24,30.0
2021-07-25,28.0
2021-07-26,27.0
2021-07-27,27.0
2021-07-28,27.0
2021-07-29,30.0
2021-07-30,29.0
2021-07-31,29.0
2021-08-01,27.0
2021-08-02,28.0
2021-08-03,25.0
2021-08-04,21.0
2021-08-05,28.0
2021-08-06,29.0
2021-08-07,26.0
2021-08-08,29.0
2021-08-09,29.0
2021-08-10,31.0
2021-08-11,33.0
2021-08-12,33.0
2021-08-13,33.0
2021-08-14,34.0
2021-08-15,34.0
2021-08-16,31.0
2021-08-17,31.0
2021-08-18,29.0
2021-08-19,28.0
2021-08-20,29.0
2021-08-21,31.0
2021-08-22,30.0
2021-08-23,29.0
2021-08-24,28.0
2021-08-25,27.0
2021-08-26,28.0
2021-08-27,23.0
2021-08-28,25.0
2021-08-29,26.0
2021-08-30,26.0
2021-08-31,26.0
2021-09-01,28.0
2021-09-02,28.0
2021-09-03,27.0
2021-09-04,27.0
2021-09-05,28.0
2021-09-06,28.0
2021-09-07,28.0
2021-09-08,26.0
2021-09-09,27.0
2021-09-10,27.0
2021-09-11,29.0
2021-09-12,29.0
2021-09-13,29.0
2021-09-14,26.0
2021-09-15,25.0
2021-09-16,25.0
2021-09-17,28.0
2021-09-18,25.0
2021-09-19,20.0
2021-09-20,21.0
2021-09-21,23.0
2021-09-22,24.0
2021-09-23,23.0
2021-09-24,25.0
2021-09-25,22.0
2021-09-26,20.0
2021-09-27,23.0
2021-09-28,25.0
2021-09-29,25.0
2021-09-30,23.0
2021-10-01,21.0
2021-10-02,22.0
2021-10-03,19.0
2021-10-04,19.0
2021-10-05,18.0
2021-10-06,21.0
2021-10-07,23.0
2021-10-08,20.0
2021-10-09,17.0
2021-10-10,17.0
2021-10-11,19.0
2021-10-12,18.0
2021-10-13,19.0
2021-10-14,17.0
2021-10-15,16.0
2021-10-16,19.0
2021-10-17,19.0
2021-10-18,19.0
2021-10-19,19.0
2021-10-20,17.0
2021-10-21,17.0
2021-10-22,19.0
2021-10-23,18.0
2021-10-24,17.0
2021-10-25,15.0
2021-10-26,16.0
2021-10-27,19.0
2021-10-28,17.0
2021-10-29,17.0
2021-10-30,13.0
2021-10-31,11.0
2021-11-01,11.0
2021-11-02,17.0
2021-11-03,12.0
2021-11-04,15.0
2021-11-05,15.0
2021-11-06,15.0
2021-11-07,15.0
2021-11-08,11.0
2021-11-09,13.0
2021-11-10,13.0
2021-11-11,16.0
2021-11-12,17.0
2021-11-13,14.0
2021-11-14,11.0
2021-11-15,11.0
2021-11-16,14.0
2021-11-17,12.0
2021-11-18,15.0
2021-11-19,11.0
2021-11-20,7.0
2021-11-21,6.0
2021-11-22,8.0
2021-11-23,11.0
2021-11-24,10.0
2021-11-25,6.0
2021-11-26,8.0
2021-11-27,9.0
2021-11-28,9.0
2021-11-29,11.0
2021-11-30,10.0
2021-12-01,7.0
2021-12-02,9.0
2021-12-03,12.0
2021-12-04,7.0
2021-12-05,9.0
2021-12-06,10.0
2021-12-07,10.0
2021-12-08,4.0
2021-12-09,9.0
2021-12-10,3.0
2021-12-11,13.0
2021-12-12,12.0
2021-12-13,12.0
2021-12-14,11.0
2021-12-15,11.0
2021-12-16,9.0
2021-12-17,10.0
2021-12-18,9.0
2021-12-19,9.0
2021-12-20,12.0
2021-12-21,7.0
2021-12-22,8.0
2021-12-23,4.0
2021-12-24,5.0
2021-12-25,5.0
2021-12-26,10.0
2021-12-27,6.0
2021-12-28,8.0
2021-12-29,13.0
2021-12-30,6.0
2021-12-31,11.0
2022-01-01,12.0
2022-01-02,10.0
2022-01-03,8.0
2022-01-04,8.0
2022-01-05,10.0
2022-01-06,9.0
2022-01-07,7.0
2022-01-08,6.0
2022-01-09,7.0
2022-01-10,7.0
2022-01-11,11.0
2022-01-12,10.0
2022-01-13,10.0
2022-01-14,12.0
2022-01-15,13.0
2022-01-16,11.0
2022-01-17,16.0
2022-01-18,13.0
2022-01-19,8.0
2022-01-20,8.0
2022-01-21,8.0
2022-01-22,9.0
2022-01-23,9.0
2022-01-24,7.0
2022-01-25,6.0
2022-01-26,1.0
2022-01-27,2.0
2022-01-28,16.0
2022-01-29,13.0
2022-01-30,16.0
2022-01-31,14.0
2022-02-01,15.0
2022-02-02,18.0
2022-02-03,13.0
2022-02-04,13.0
2022-02-05,11.0
2022-02-06,9.0
2022-02-07,14.0
2022-02-08,14.0
2022-02-09,15.0
2022-02-10,14.0
2022-02-11,15.0
2022-02-12,11.0
2022-02-13,11.0
2022-02-14,7.0
2022-02-15,8.0
2022-02-16,11.0
2022-02-17,15.0
2022-02-18,10.0
2022-02-19,14.0
2022-02-20,15.0
2022-02-21,17.0
2022-02-22,18.0
2022-02-23,17.0
2022-02-24,14.0
2022-02-25,17.0
2022-02-26,15.0
2022-02-27,11.0
2022-02-28,13.0
2022-03-01,10.0
2022-03-02,12.0
2022-03-03,14.0
2022-03-04,13.0
2022-03-05,10.0
2022-03-06,10.0
2022-03-07,10.0
2022-03-08,8.0
2022-03-09,12.0
2022-03-10,14.0
2022-03-11,10.0
2022-03-12,9.0
2022-03-13,11.0
2022-03-14,13.0
2022-03-15,13.0
2022-03-16,16.0
2022-03-17,14.0
2022-03-18,15.0
2022-03-19,14.0
2022-03-20,14.0
2022-03-21,15.0
2022-03-22,15.0
2022-03-23,20.0
2022-03-24,21.0
2022-03-25,21.0
2022-03-26,21.0
2022-03-27,8.0
2022-03-28,22.0
2022-03-29,18.0
2022-03-30,12.0
2022-03-31,16.0
2022-04-01,16.0
2022-04-02,10.0
2022-04-03,11.0
2022-04-04,13.0
2022-04-05,18.0
2022-04-06,17.0
2022-04-07,21.0
2022-04-08,22.0
2022-04-09,18.0
2022-04-10,17.0
2022-04-11,18.0
2022-04-12,19.0
2022-04-13,21.0
2022-04-14,24.0
2022-04-15,25.0
2022-04-16,25.0
2022-04-17,17.0
2022-04-18,19.0
2022-04-19,21.0
2022-04-20,15.0
2022-04-21,15.0
2022-04-22,17.0
2022-04-23,15.0
2022-04-24,16.0
2022-04-25,20.0
2022-04-26,18.0
2022-04-27,22.0
2022-04-28,22.0
2022-04-29,22.0
2022-04-30,20.0
2022-05-01,22.0
2022-05-02,22.0
2022-05-03,20.0
2022-05-04,21.0
2022-05-05,17.0
2022-05-06,16.0
2022-05-07,20.0
2022-05-08,20.0
2022-05-09,24.0
2022-05-10,26.0
2022-05-11,27.0
2022-05-12,28.0
2022-05-13,27.0
2022-05-14,28.0
2022-05-15,28.0
2022-05-16,29.0
2022-05-17,30.0
2022-05-18,29.0
2022-05-19,28.0
2022-05-20,30.0
2022-05-21,31.0
2022-05-22,28.0
2022-05-23,28.0
2022-05-24,26.0
2022-05-25,25.0
2022-05-26,29.0
2022-05-27,30.0
2022-05-28,31.0
2022-05-29,21.0
2022-05-30,21.0
2022-05-31,23.0
2022-06-01,28.0
2022-06-02,29.0
2022-06-03,25.0
2022-06-04,29.0
2022-06-05,29.0
2022-06-06,31.0
2022-06-07,28.0
2022-06-08,28.0
2022-06-09,29.0
2022-06-10,31.0
2022-06-11,31.0
2022-06-12,32.0
2022-06-13,34.0
2022-06-14,32.0
2022-06-15,31.0
2022-06-16,34.0
2022-06-17,34.0
2022-06-18,33.0
2022-06-19,34.0
2022-06-20,33.0
2022-06-21,32.0
2022-06-22,26.0
2022-06-23,30.0
2022-06-24,29.0
2022-06-25,30.0
2022-06-26,32.0
2022-06-27,34.0
2022-06-28,29.0
2022-06-29,32.0
2022-06-30,31.0
2022-07-01,31.0
2022-07-02,34.0
2022-07-03,35.0
2022-07-04,33.0
2022-07-05,36.0
2022-07-06,32.0
2022-07-07,33.0
2022-07-08,33.0
2022-07-09,31.0
2022-07-10,32.0
2022-07-11,32.0
2022-07-12,31.0
2022-07-13,32.0
2022-07-14,34.0
2022-07-15,36.0
2022-07-16,34.0
2022-07-17,35.0
2022-07-18,34.0
2022-07-19,35.0
2022-07-20,35.0
2022-07-21,36.0
2022-07-22,38.0
2022-07-23,34.0
2022-07-24,35.0
2022-07-25,36.0
2022-07-26,34.0
2022-07-27,31.0
2022-07-28,32.0
2022-07-29,30.0
2022-07-30,34.0
2022-07-31,33.0
2022-08-01,35.0
2022-08-02,33.0
2022-08-03,34.0
2022-08-04,35.0
2022-08-05,36.0
2022-08-06,35.0
2022-08-07,30.0
2022-08-08,32.0
2022-08-09,32.0
2022-08-10,32.0
2022-08-11,31.0
2022-08-12,30.0
2022-08-13,29.0
2022-08-14,30.0
2022-08-15,30.0
2022-08-16,31.0
2022-08-17,28.0
2022-08-18,24.0
2022-08-19,27.0
2022-08-20,34.0
2022-08-21,32.0
2022-08-22,32.0
2022-08-23,31.0
2022-08-24,31.0
2022-08-25,32.0
2022-08-26,29.0
2022-08-27,30.0
2022-08-28,30.0
2022-08-29,30.0
2022-08-30,28.0
2022-08-31,28.0
2022-09-01,28.0
2022-09-02,26.0
2022-09-03,26.0
2022-09-04,29.0
2022-09-05,30.0
2022-09-06,31.0
2022-09-07,28.0
2022-09-08,29.0
2022-09-09,28.0
2022-09-10,28.0
2022-09-11,28.0
2022-09-12,28.0
2022-09-13,28.0
2022-09-14,26.0
2022-09-15,30.0
2022-09-16,30.0
2022-09-17,24.0
2022-09-18,24.0
2022-09-19,26.0
2022-09-20,24.0
2022-09-21,18.0
2022-09-22,21.0
2022-09-23,22.0
2022-09-24,16.0
2022-09-25,19.0
2022-09-26,23.0
2022-09-27,24.0
2022-09-28,20.0
2022-09-29,21.0
2022-09-30,14.0
2022-10-01,20.0
2022-10-02,24.0
2022-10-03,26.0
2022-10-04,22.0
2022-10-05,22.0
2022-10-06,23.0
2022-10-07,25.0
2022-10-08,24.0
2022-10-09,17.0
2022-10-10,18.0
2022-10-11,22.0
2022-10-12,22.0
2022-10-13,21.0
2022-10-14,20.0
2022-10-15,22.0
2022-10-16,23.0
2022-10-17,23.0
2022-10-18,23.0
2022-10-19,24.0
2022-10-20,21.0
2022-10-21,18.0
2022-10-22,23.0
2022-10-23,18.0
2022-10-24,19.0
2022-10-25,21.0
2022-10-26,22.0
2022-10-27,23.0
2022-10-28,23.0
2022-10-29,24.0
2022-10-30,24.0
2022-10-31,23.0
2022-11-01,18.0
2022-11-02,17.0
2022-11-03,16.0
2022-11-04,17.0
2022-11-05,20.0
2022-11-06,17.0
2022-11-07,17.0
2022-11-08,16.0
2022-11-09,13.0
2022-11-10,16.0
2022-11-11,18.0
2022-11-12,15.0
2022-11-13,17.0
2022-11-14,11.0
2022-11-15,10.0
2022-11-16,13.0
2022-11-17,12.0
2022-11-18,17.0
2022-11-19,15.0
2022-11-20,15.0
2022-11-21,13.0
2022-11-22,12.0
2022-11-23,14.0
2022-11-24,17.0
2022-11-25,12.0
2022-11-26,14.0
2022-11-27,12.0
2022-11-28,9.0
2022-11-29,7.0
2022-11-30,7.0
2022-12-01,10.0
2022-12-02,8.0
2022-12-03,7.0
2022-12-04,10.0
2022-12-05,9.0
2022-12-06,11.0
2022-12-07,9.0
2022-12-08,8.0
2022-12-09,5.0
2022-12-10,7.0
2022-12-11,10.0
2022-12-12,0.0
2022-12-13,4.0
2022-12-14,5.0
2022-12-15,3.0
2022-12-16,5.0
2022-12-17,9.0
2022-12-18,7.0
2022-12-19,6.0
2022-12-20,8.0
2022-12-21,9.0
2022-12-22,9.0
2022-12-23,11.0
2022-12-24,10.0
2022-12-25,10.0
2022-12-26,11.0
2022-12-27,14.0
2022-12-28,11.0
2022-12-29,17.0
2022-12-30,10.0
2022-12-31,10.0
2023-01-01,10.0
2023-01-02,10.0
2023-01-03,10.0
2023-01-04,12.0
2023-01-05,14.0
2023-01-06,9.0
2023-01-07,7.0
2023-01-08,7.0
2023-01-09,10.0
2023-01-10,14.0
2023-01-11,10.0
2023-01-12,10.0
2023-01-13,12.0
2023-01-14,11.0
2023-01-15,8.0
2023-01-16,5.0
2023-01-17,4.0
2023-01-18,7.0
2023-01-19,6.0
2023-01-20,8.0
2023-01-21,10.0
2023-01-22,7.0
2023-01-23,7.0
2023-01-24,11.0
2023-01-25,10.0
2023-01-26,7.0
2023-01-27,5.0
2023-01-28,9.0
2023-01-29,8.0
2023-01-30,10.0
2023-01-31,11.0
2023-02-01,14.0
2023-02-02,15.0
2023-02-03,15.0
2023-02-04,22.0
2023-02-05,10.0
2023-02-06,6.0
2023-02-07,7.0
2023-02-08,7.0
2023-02-09,6.0
2023-02-10,8.0
2023-02-11,10.0
2023-02-12,15.0
2023-02-13,14.0
2023-02-14,15.0
2023-02-15,18.0
2023-02-16,15.0
2023-02-17,15.0
2023-02-18,16.0
2023-02-19,16.0
2023-02-20,12.0
2023-02-21,15.0
2023-02-22,13.0
2023-02-23,15.0
2023-02-24,14.0
2023-02-25,15.0
2023-02-26,8.0
2023-02-27,6.0
2023-02-28,8.0
2023-03-01,9.0
2023-03-02,11.0
2023-03-03,14.0
2023-03-04,15.0
2023-03-05,16.0
2023-03-06,14.0
2023-03-07,14.0
2023-03-08,15.0
2023-03-09,19.0
2023-03-10,18.0
2023-03-11,21.0
2023-03-12,17.0
2023-03-13,15.0
2023-03-14,16.0
2023-03-15,15.0
2023-03-16,15.0
2023-03-17,15.0
2023-03-18,16.0
2023-03-19,17.0
2023-03-20,17.0
2023-03-21,18.0
2023-03-22,20.0
2023-03-23,20.0
2023-03-24,15.0
2023-03-25,22.0
2023-03-26,9.0
2023-03-27,18.0
2023-03-28,16.0
2023-03-29,18.0
2023-03-30,16.0
2023-03-31,14.0
2023-04-01,19.0
2023-04-02,20.0
2023-04-03,19.0
2023-04-04,13.0
2023-04-05,13.0
2023-04-06,14.0
2023-04-07,15.0
2023-04-08,18.0
2023-04-09,18.0
2023-04-10,17.0
2023-04-11,20.0
2023-04-12,16.0
2023-04-13,14.0
2023-04-14,20.0
2023-04-15,18.0
2023-04-16,21.0
2023-04-17,19.0
2023-04-18,22.0
2023-04-19,22.0
2023-04-20,15.0
2023-04-21,14.0
2023-04-22,20.0
2023-04-23,21.0
2023-04-24,23.0
2023-04-25,21.0
2023-04-26,21.0
2023-04-27,21.0
2023-04-28,22.0
2023-04-29,21.0
2023-04-30,21.0
2023-05-01,16.0
2023-05-02,21.0
2023-05-03,22.0
2023-05-04,23.0
2023-05-05,25.0
2023-05-06,26.0
2023-05-07,24.0
2023-05-08,24.0
2023-05-09,21.0
2023-05-10,18.0
2023-05-11,21.0
2023-05-12,16.0
2023-05-13,19.0
2023-05-14,20.0
2023-05-15,23.0
2023-05-16,19.0
2023-05-17,18.0
2023-05-18,19.0
2023-05-19,15.0
2023-05-20,15.0
2023-05-21,22.0
2023-05-22,25.0
2023-05-23,28.0
2023-05-24,25.0
2023-05-25,
2023-05-26,27.0
2023-05-27,26.0
2023-05-28,26.0
2023-05-29,25.0
2023-05-30,26.0
2023-05-31,25.0
2023-06-01,26.0
2023-06-02,27.0
2023-06-03,26.0
2023-06-04,24.0
2023-06-05,22.0
2023-06-06,25.0
2023-06-07,25.0
2023-06-08,26.0
2023-06-09,24.0
2023-06-10,26.0
2023-06-11,28.0
2023-06-12,27.0
2023-06-13,22.0
2023-06-14,25.0
2023-06-15,27.0
2023-06-16,28.0
2023-06-17,28.0
2023-06-18,29.0
2023-06-19,29.0
2023-06-20,29.0
2023-06-21,30.0
2023-06-22,32.0
2023-06-23,32.0
2023-06-24,31.0
2023-06-25,30.0
2023-06-26,32.0
2023-06-27,32.0
2023-06-28,29.0
2023-06-29,27.0
2023-06-30,23.0
2023-07-01,26.0
2023-07-02,30.0
2023-07-03,29.0
2023-07-04,28.0
2023-07-05,28.0
2023-07-06,24.0
2023-07-07,29.0
2023-07-08,30.0
2023-07-09,33.0
2023-07-10,34.0
2023-07-11,35.0
2023-07-12,28.0
2023-07-13,29.0
2023-07-14,26.0
2023-07-15,30.0
2023-07-16,32.0
2023-07-17,34.0
2023-07-18,33.0
2023-07-19,34.0
2023-07-20,33.0
2023-07-21,29.0
2023-07-22,29.0
2023-07-23,30.0
2023-07-24,24.0
2023-07-25,28.0
2023-07-26,28.0
2023-07-27,27.0
2023-07-28,28.0
2023-07-29,29.0
2023-07-30,29.0
2023-07-31,30.0
2023-08-01,28.0
2023-08-02,29.0
2023-08-03,30.0
2023-08-04,25.0
2023-08-05,30.0
2023-08-06,29.0
2023-08-07,27.0
2023-08-08,26.0
2023-08-09,28.0
2023-08-10,28.0
2023-08-11,30.0
2023-08-12,31.0
2023-08-13,32.0
2023-08-14,32.0
2023-08-15,32.0
2023-08-16,32.0
2023-08-17,32.0
2023-08-18,32.0
2023-08-19,34.0
2023-08-20,34.0
2023-08-21,35.0
2023-08-22,36.0
2023-08-23,36.0
2023-08-24,37.0
2023-08-25,35.0
2023-08-26,29.0
2023-08-27,24.0
2023-08-28,19.0
2023-08-29,27.0
2023-08-30,26.0
2023-08-31,26.0
2023-09-01,26.0
2023-09-02,29.0
2023-09-03,29.0
2023-09-04,29.0
2023-09-05,24.0
2023-09-06,28.0
2023-09-07,28.0
2023-09-08,28.0
2023-09-09,29.0
2023-09-10,30.0
2023-09-11,29.0
2023-09-12,30.0
2023-09-13,22.0
2023-09-14,27.0
2023-09-15,24.0
2023-09-16,24.0
2023-09-17,25.0
2023-09-18,24.0
2023-09-19,27.0
2023-09-20,24.0
2023-09-21,22.0
2023-09-22,22.0
2023-09-23,21.0
2023-09-24,24.0
2023-09-25,24.0
2023-09-26,25.0
2023-09-27,26.0
2023-09-28,26.0
2023-09-29,26.0
2023-09-30,26.0
2023-10-01,26.0
2023-10-02,27.0
2023-10-03,26.0
2023-10-04,24.0
2023-10-05,24.0
2023-10-06,24.0
2023-10-07,25.0
2023-10-08,29.0
2023-10-09,28.0
2023-10-10,27.0
2023-10-11,25.0
2023-10-12,24.0
2023-10-13,24.0
2023-10-14,24.0
2023-10-15,23.0
2023-10-16,17.0
2023-10-17,17.0
2023-10-18,14.0
2023-10-19,13.0
2023-10-20,18.0
2023-10-21,19.0
2023-10-22,19.0
2023-10-23,16.0
2023-10-24,15.0
2023-10-25,16.0
2023-10-26,17.0
2023-10-27,20.0
2023-10-28,18.0
2023-10-29,15.0
2023-10-30,16.0
2023-10-31,17.0
2023-11-01,13.0
2023-11-02,12.0
2023-11-03,16.0
2023-11-04,10.0
2023-11-05,15.0
2023-11-06,15.0
2023-11-07,15.0
2023-11-08,14.0
2023-11-09,9.0
2023-11-10,12.0
2023-11-11,16.0
2023-11-12,13.0
2023-11-13,15.0
2023-11-14,14.0
2023-11-15,18.0
2023-11-16,14.0
2023-11-17,17.0
2023-11-18,16.0
2023-11-19,15.0
2023-11-20,13.0
2023-11-21,13.0
2023-11-22,14.0
2023-11-23,13.0
2023-11-24,14.0
2023-11-25,12.0
2023-11-26,14.0
2023-11-27,7.0
2023-11-28,10.0
2023-11-29,11.0
2023-11-30,5.0
2023-12-01,6.0
2023-12-02,13.0
2023-12-03,9.0
2023-12-04,5.0
2023-12-05,5.0
2023-12-06,9.0
2023-12-07,11.0
2023-12-08,4.0
2023-12-09,6.0
2023-12-10,12.0
2023-12-11,9.0
2023-12-12,9.0
2023-12-13,8.0
2023-12-14,12.0
2023-12-15,16.0
2023-12-16,11.0
2023-12-17,10.0
2023-12-18,14.0
2023-12-19,15.0
2023-12-20,11.0
2023-12-21,10.0
2023-12-22,18.0
2023-12-23,20.0
2023-12-24,15.0
2023-12-25,14.0
2023-12-26,12.0
2023-12-27,11.0
2023-12-28,9.0
2023-12-29,9.0
2023-12-30,12.0
2023-12-31,7.0
2024-01-01,9.0
2024-01-02,6.0
2024-01-03,12.0
2024-01-04,14.0
2024-01-05,7.0
2024-01-06,9.0
2024-01-07,9.0
2024-01-08,9.0
2024-01-09,7.0
2024-01-10,5.0
2024-01-11,8.0
2024-01-12,9.0
2024-01-13,9.0
2024-01-14,6.0
2024-01-15,9.0
2024-01-16,8.0
2024-01-17,4.0
2024-01-18,10.0
2024-01-19,11.0
2024-01-20,8.0
2024-01-21,6.0
2024-01-22,7.0
2024-01-23,12.0
2024-01-24,13.0
2024-01-25,14.0
2024-01-26,11.0
2024-01-27,21.0
2024-01-28,9.0
2024-01-29,8.0
2024-01-30,11.0
2024-01-31,11.0
2024-02-01,11.0
2024-02-02,15.0
2024-02-03,17.0
2024-02-04,16.0
2024-02-05,17.0
2024-02-06,12.0
2024-02-07,14.0
2024-02-08,13.0
2024-02-09,10.0
2024-02-10,9.0
2024-02-11,13.0
2024-02-12,12.0
2024-02-13,16.0
2024-02-14,15.0
2024-02-15,13.0
2024-02-16,13.0
2024-02-17,
2024-02-18,15.0
2024-02-19,19.0
2024-02-20,18.0
2024-02-21,15.0
2024-02-22,11.0
2024-02-23,10.0
2024-02-24,11.0
2024-02-25,11.0
2024-02-26,7.0
2024-02-27,8.0
2024-02-28,16.0
2024-02-29,14.0
2024-03-01,10.0
2024-03-02,11.0
2024-03-03,10.0
2024-03-04,13.0
2024-03-05,14.0
2024-03-06,12.0
2024-03-07,14.0
2024-03-08,11.0
2024-03-09,8.0
2024-03-10,8.0
2024-03-11,14.0
2024-03-12,19.0
2024-03-13,18.0
2024-03-14,17.0
2024-03-15,16.0
2024-03-16,20.0
2024-03-17,18.0
2024-03-18,19.0
2024-03-19,17.0
2024-03-20,18.0
2024-03-21,20.0
2024-03-22,20.0
2024-03-23,18.0
2024-03-24,18.0
2024-03-25,16.0
2024-03-26,10.0
2024-03-27,9.0
2024-03-28,9.0
2024-03-29,9.0
2024-03-30,15.0
2024-03-31,9.0
2024-04-01,18.0
2024-04-02,19.0
2024-04-03,15.0
2024-04-04,18.0
2024-04-05,19.0
2024-04-06,22.0
2024-04-07,23.0
2024-04-08,24.0
2024-04-09,17.0
2024-04-10,14.0
2024-04-11,22.0
2024-04-12,25.0
2024-04-13,26.0
2024-04-14,27.0
2024-04-15,22.0
2024-04-16,21.0
2024-04-17,19.0
2024-04-18,15.0
2024-04-19,18.0
2024-04-20,18.0
2024-04-21,17.0
2024-04-22,8.0
2024-04-23,12.0
2024-04-24,17.0
2024-04-25,14.0
2024-04-26,13.0
2024-04-27,13.0
2024-04-28,14.0
2024-04-29,23.0
2024-04-30,24.0
2024-05-01,18.0
2024-05-02,15.0
2024-05-03,20.0
2024-05-04,20.0
2024-05-05,22.0
2024-05-06,15.0
2024-05-07,14.0
2024-05-08,21.0
2024-05-09,24.0
2024-05-10,23.0
2024-05-11,25.0
2024-05-12,25.0
2024-05-13,22.0
2024-05-14,19.0
2024-05-15,15.0
2024-05-16,16.0
2024-05-17,20.0
2024-05-18,21.0
2024-05-19,23.0
2024-05-20,22.0
2024-05-21,23.0
2024-05-22,23.0
2024-05-23,19.0
2024-05-24,19.0
2024-05-25,21.0
2024-05-26,25.0
2024-05-27,22.0
2024-05-28,24.0
2024-05-29,24.0
2024-05-30,20.0
2024-05-31,19.0
2024-06-01,25.0
2024-06-02,25.0
2024-06-03,23.0
2024-06-04,24.0
2024-06-05,26.0
2024-06-06,27.0
2024-06-07,26.0
2024-06-08,26.0
2024-06-09,26.0
2024-06-10,27.0
2024-06-11,25.0
2024-06-12,23.0
2024-06-13,23.0
2024-06-14,23.0
2024-06-15,21.0
2024-06-16,26.0
2024-06-17,27.0
2024-06-18,28.0
2024-06-19,30.0
2024-06-20,25.0
2024-06-21,26.0
2024-06-22,27.0
2024-06-23,19.0
2024-06-24,22.0
2024-06-25,25.0
2024-06-26,26.0
2024-06-27,29.0
2024-06-28,31.0
2024-06-29,30.0
2024-06-30,28.0
2024-07-01,27.0
2024-07-02,29.0
2024-07-03,22.0
2024-07-04,27.0
2024-07-05,29.0
2024-07-06,26.0
2024-07-07,26.0
2024-07-08,29.0
2024-07-09,32.0
2024-07-10,32.0
2024-07-11,32.0
2024-07-12,26.0
2024-07-13,29.0
2024-07-14,30.0
2024-07-15,31.0
2024-07-16,31.0
2024-07-17,32.0
2024-07-18,33.0
2024-07-19,32.0
2024-07-20,31.0
2024-07-21,30.0
2024-07-22,32.0
2024-07-23,32.0
2024-07-24,32.0
2024-07-25,31.0
2024-07-26,32.0
2024-07-27,32.0
2024-07-28,33.0
2024-07-29,32.0
2024-07-30,33.0
2024-07-31,33.0
2024-08-01,33.0
2024-08-02,33.0
2024-08-03,34.0
2024-08-04,32.0
2024-08-05,32.0
2024-08-06,33.0
2024-08-07,33.0
2024-08-08,31.0
2024-08-09,32.0
2024-08-10,33.0
2024-08-11,34.0
2024-08-12,35.0
2024-08-13,35.0
2024-08-14,34.0
2024-08-15,30.0
2024-08-16,32.0
2024-08-17,32.0
2024-08-18,28.0
2024-08-19,30.0
2024-08-20,31.0
2024-08-21,34.0
2024-08-22,30.0
2024-08-23,32.0
2024-08-24,33.0
2024-08-25,32.0
2024-08-26,28.0
2024-08-27,31.0
2024-08-28,31.0
2024-08-29,32.0
2024-08-30,33.0
2024-08-31,33.0
2024-09-01,33.0
2024-09-02,27.0
2024-09-03,30.0
2024-09-04,28.0
2024-09-05,22.0
2024-09-06,25.0
2024-09-07,27.0
2024-09-08,22.0
2024-09-09,28.0
2024-09-10,28.0
2024-09-11,24.0
2024-09-12,22.0
2024-09-13,22.0
2024-09-14,22.0
2024-09-15,29.0
2024-09-16,23.0
2024-09-17,19.0
2024-09-18,18.0
2024-09-19,24.0
2024-09-20,22.0
2024-09-21,24.0
2024-09-22,23.0
2024-09-23,19.0
2024-09-24,20.0
2024-09-25,20.0
2024-09-26,17.0
2024-09-27,23.0
2024-09-28,24.0
2024-09-29,21.0
2024-09-30,21.0
2024-10-01,19.0
2024-10-02,20.0
2024-10-03,17.0
2024-10-04,18.0
2024-10-05,19.0
2024-10-06,17.0
2024-10-07,15.0
2024-10-08,15.0
2024-10-09,18.0
2024-10-10,22.0
2024-10-11,21.0
2024-10-12,18.0
2024-10-13,20.0
2024-10-14,19.0
2024-10-15,21.0
2024-10-16,17.0
2024-10-17,17.0
2024-10-18,20.0
2024-10-19,17.0
2024-10-20,19.0
2024-10-21,21.0
2024-10-22,22.0
2024-10-23,18.0
2024-10-24,17.0
2024-10-25,16.0
2024-10-26,17.0
2024-10-27,18.0
2024-10-28,21.0
2024-10-29,20.0
2024-10-30,21.0
2024-10-31,21.0
2024-11-01,20.0
2024-11-02,20.0
2024-11-03,17.0
2024-11-04,15.0
2024-11-05,14.0
2024-11-06,14.0
2024-11-07,16.0
2024-11-08,11.0
2024-11-09,15.0
2024-11-10,16.0
2024-11-11,15.0
2024-11-12,13.0
2024-11-13,13.0
2024-11-14,12.0
2024-11-15,12.0
2024-11-16,9.0
2024-11-17,12.0
2024-11-18,8.0
2024-11-19,10.0
2024-11-20,15.0
2024-11-21,8.0
2024-11-22,9.0
2024-11-23,10.0
2024-11-24,10.0
2024-11-25,9.0
2024-11-26,10.0
2024-11-27,13.0
2024-11-28,13.0
2024-11-29,9.0
2024-11-30,11.0
2024-12-01,12.0
2024-12-02,12.0
2024-12-03,11.0
2024-12-04,12.0
2024-12-05,10.0
2024-12-06,10.0
2024-12-07,5.0
2024-12-08,6.0
2024-12-09,8.0
2024-12-10,7.0
2024-12-11,10.0
2024-12-12,8.0
2024-12-13,5.0
2024-12-14,8.0
2024-12-15,10.0
2024-12-16,14.0
2024-12-17,13.0
2024-12-18,12.0
2024-12-19,7.0
2024-12-20,12.0
2024-12-21,10.0
2024-12-22,5.0
2024-12-23,10.0
2024-12-24,13.0
2024-12-25,12.0
2024-12-26,12.0
2024-12-27,12.0
2024-12-28,14.0
2024-12-29,14.0
2024-12-30,14.0
2024-12-31,12.0
2025-01-01,10.0
2025-01-02,7.0
2025-01-03,14.0
2025-01-04,6.0
2025-01-05,5.0
2025-01-06,4.0
2025-01-07,8.0
2025-01-08,7.0
2025-01-09,8.0
2025-01-10,10.0
2025-01-11,7.0
2025-01-12,8.0
2025-01-13,7.0
2025-01-14,5.0
2025-01-15,6.0
2025-01-16,9.0
2025-01-17,7.0
2025-01-18,9.0
2025-01-19,7.0
2025-01-20,7.0
2025-01-21,11.0
2025-01-22,7.0
2025-01-23,10.0
2025-01-24,11.0
2025-01-25,7.0
2025-01-26,9.0
2025-01-27,7.0
2025-01-28,11.0
2025-01-29,11.0
2025-01-30,9.0
2025-01-31,8.0
2025-02-01,8.0
2025-02-02,13.0
2025-02-03,14.0
2025-02-04,8.0
2025-02-05,11.0
2025-02-06,
2025-02-07,7.0
2025-02-08,4.0
2025-02-09,8.0
2025-02-10,10.0
2025-02-11,8.0
2025-02-12,8.0
2025-02-13,11.0
2025-02-14,12.0
2025-02-15,11.0
2025-02-16,6.0
2025-02-17,4.0
2025-02-18,6.0
2025-02-19,5.0
2025-02-20,9.0
2025-02-21,12.0
2025-02-22,8.0
2025-02-23,13.0
2025-02-24,13.0
2025-02-25,9.0
2025-02-26,16.0
2025-02-27,14.0
2025-02-28,13.0
2025-03-01,12.0
2025-03-02,13.0
2025-03-03,14.0
2025-03-04,16.0
2025-03-05,17.0
2025-03-06,17.0
2025-03-07,17.0
2025-03-08,17.0
2025-03-09,15.0
2025-03-10,11.0
2025-03-11,12.0
2025-03-12,11.0
2025-03-13,14.0
2025-03-14,11.0
2025-03-15,11.0
2025-03-16,13.0
2025-03-17,16.0
2025-03-18,10.0
2025-03-19,13.0
2025-03-20,15.0
2025-03-21,12.0
2025-03-22,9.0
2025-03-23,10.0
2025-03-24,16.0
2025-03-25,18.0
2025-03-26,19.0
2025-03-27,20.0
2025-03-28,19.0
2025-03-29,16.0
2025-03-30,11.0
2025-03-31,21.0
2025-04-01,16.0
2025-04-02,16.0
2025-04-03,20.0
2025-04-04,21.0
2025-04-05,22.0
2025-04-06,23.0
2025-04-07,14.0
2025-04-08,13.0
2025-04-09,16.0
2025-04-10,21.0
2025-04-11,23.0
2025-04-12,19.0
2025-04-13,17.0
2025-04-14,13.0
2025-04-15,16.0
2025-04-16,17.0
2025-04-17,15.0
2025-04-18,19.0
2025-04-19,16.0
2025-04-20,17.0
2025-04-21,20.0
2025-04-22,23.0
2025-04-23,22.0
2025-04-24,21.0
2025-04-25,24.0
2025-04-26,22.0
2025-04-27,21.0
2025-04-28,23.0
2025-04-29,25.0
2025-04-30,26.0
2025-05-01,27.0
2025-05-02,27.0
2025-05-03,25.0
2025-05-04,21.0
2025-05-05,17.0
2025-05-06,17.0
2025-05-07,17.0
2025-05-08,19.0
2025-05-09,18.0
2025-05-10,20.0
2025-05-11,22.0
2025-05-12,21.0
2025-05-13,21.0
2025-05-14,22.0
2025-05-15,25.0
2025-05-16,20.0
2025-05-17,22.0
2025-05-18,24.0
2025-05-19,23.0
2025-05-20,21.0
2025-05-21,23.0
2025-05-22,20.0
2025-05-23,22.0
2025-05-24,21.0
2025-05-25,23.0
2025-05-26,26.0
2025-05-27,22.0
2025-05-28,25.0
2025-05-29,27.0
2025-05-30,28.0
2025-05-31,28.0
2025-06-01,28.0
2025-06-02,24.0
2025-06-03,25.0
2025-06-04,24.0
2025-06-05,25.0
2025-06-06,26.0
2025-06-07,26.0
2025-06-08,28.0
2025-06-09,28.0
2025-06-10,27.0
2025-06-11,31.0
2025-06-12,31.0
2025-06-13,32.0
2025-06-14,32.0
2025-06-15,32.0
2025-06-16,32.0
2025-06-17,28.0
2025-06-18,30.0
2025-06-19,32.0
2025-06-20,33.0
2025-06-21,31.0
2025-06-22,29.0
2025-06-23,31.0
2025-06-24,31.0
2025-06-25,33.0
2025-06-26,32.0
2025-06-27,33.0
2025-06-28,35.0
2025-06-29,35.0
2025-06-30,35.0
2025-07-01,34.0
2025-07-02,32.0
2025-07-03,33.0
2025-07-04,34.0
2025-07-05,29.0
2025-07-06,30.0
2025-07-07,29.0
2025-07-08,27.0
2025-07-09,27.0
2025-07-10,27.0
2025-07-11,29.0
2025-07-12,28.0
2025-07-13,25.0
2025-07-14,29.0
2025-07-15,32.0
2025-07-16,32.0
2025-07-17,31.0
2025-07-18,31.0
2025-07-19,30.0
2025-07-20,31.0
2025-07-21,29.0
2025-07-22,31.0
2025-07-23,29.0
2025-07-24,27.0
2025-07-25,24.0
2025-07-26,22.0
2025-07-27,31.0
2025-07-28,29.0
2025-07-29,29.0
2025-07-30,27.0
2025-07-31,29.0
2025-08-01,27.0
2025-08-02,26.0
2025-08-03,28.0
2025-08-04,28.0
2025-08-05,29.0
2025-08-06,28.0
2025-08-07,29.0
2025-08-08,
2025-08-09,33.0
2025-08-10,35.0
2025-08-11,35.0
2025-08-12,34.0
2025-08-13,34.0
2025-08-14,35.0
2025-08-15,34.0
2025-08-16,35.0
2025-08-17,33.0
2025-08-18,31.0
2025-08-19,31.0
2025-08-20,24.0
2025-08-21,27.0
2025-08-22,29.0
2025-08-23,26.0
2025-08-24,22.0
2025-08-25,26.0
2025-08-26,28.0
2025-08-27,25.0
2025-08-28,21.0
2025-08-29,24.0
2025-08-30,25.0
2025-08-31,26.0
2025-09-01,21.0
2025-09-02,24.0
2025-09-03,26.0
2025-09-04,27.0
2025-09-05,26.0
2025-09-06,26.0
2025-09-07,26.0
2025-09-08,24.0
2025-09-09,26.0
2025-09-10,24.0
2025-09-11,25.0
2025-09-12,25.0
2025-09-13,22.0
2025-09-14,25.0
2025-09-15,26.0
2025-09-16,26.0
2025-09-17,25.0
2025-09-18,26.0
2025-09-19,28.0
2025-09-20,29.0
2025-09-21,27.0
2025-09-22,21.0
2025-09-23,22.0
2025-09-24,21.0
2025-09-25,19.0
2025-09-26,15.0
2025-09-27,16.0
2025-09-28,22.0
2025-09-29,22.0
2025-09-30,21.0
2025-10-01,19.0
2025-10-02,18.0
2025-10-03,17.0
2025-10-04,15.0
2025-10-05,21.0
2025-10-06,
2025-10-07,22.0
2025-10-08,21.0
2025-10-09,21.0
2025-10-10,22.0
2025-10-11,22.0
2025-10-12,21.0
2025-10-13,19.0
2025-10-14,18.0
2025-10-15,20.0
2025-10-16,19.0
2025-10-17,19.0
2025-10-18,19.0
2025-10-19,17.0
2025-10-20,13.0
2025-10-21,16.0
2025-10-22,18.0
2025-10-23,15.0
2025-10-24,19.0
2025-10-25,16.0
2025-10-26,18.0
2025-10-27,17.0
2025-10-28,19.0
2025-10-29,14.0
2025-10-30,17.0
2025-10-31,16.0
2025-11-01,17.0
2025-11-02,15.0
2025-11-03,20.0
2025-11-04,17.0
2025-11-05,16.0
2025-11-06,16.0
2025-11-07,15.0
2025-11-08,14.0
2025-11-09,
2025-11-10,15.0
2025-11-11,16.0
2025-11-12,17.0
2025-11-13,18.0
2025-11-14,15.0
2025-11-15,11.0
2025-11-16,12.0
2025-11-17,14.0
2025-11-18,11.0
2025-11-19,8.0
2025-11-20,9.0
2025-11-21,5.0
2025-11-22,10.0
2025-11-23,8.0
2025-11-24,4.0
2025-11-25,10.0
2025-11-26,14.0
2025-11-27,12.0
2025-11-28,10.0
2025-11-29,11.0
2025-11-30,9.0
2025-12-01,7.0
2025-12-02,10.0
2025-12-03,11.0
2025-12-04,10.0
2025-12-05,12.0
2025-12-06,10.0
2025-12-07,12.0
2025-12-08,14.0
2025-12-09,14.0
2025-12-10,14.0
2025-12-11,12.0
2025-12-12,14.0
2025-12-13,15.0
2025-12-14,13.0
2025-12-15,10.0
2025-12-16,8.0
2025-12-17,11.0
2025-12-18,11.0
2025-12-19,13.0
2025-12-20,10.0
2025-12-21,11.0
2025-12-22,11.0
2025-12-23,9.0
2025-12-24,8.0
2025-12-25,6.0
2025-12-26,9.0
2025-12-27,11.0
2025-12-28,12.0
2025-12-29,10.0
2025-12-30,7.0
2025-12-31,7.0
2026-01-01,5.0
2026-01-02,9.0
2026-01-03,2.0
2026-01-04,4.0
2026-01-05,5.0
2026-01-06,5.0
2026-01-07,3.0
2026-01-08,7.0
2026-01-09,2.0
2026-01-10,6.0
2026-01-11,12.0
2026-01-12,9.0
2026-01-13,7.0
2026-01-14,8.0
2026-01-15,7.0
2026-01-16,7.0
2026-01-17,9.0
2026-01-18,10.0
2026-01-19,8.0
2026-01-20,7.0
2026-01-21,8.0
2026-01-22,2.0
2026-01-23,5.0
2026-01-24,7.0
2026-01-25,6.0
2026-01-26,10.0
2026-01-27,7.0
2026-01-28,6.0
2026-01-29,5.0
2026-01-30,9.0
2026-01-31,9.0
2026-02-01,5.0
2026-02-02,6.0
2026-02-03,4.0
2026-02-04,6.0
2026-02-05,11.0
2026-02-06,13.0
2026-02-07,12.0
2026-02-08,12.0
2026-02-09,13.0
2026-02-10,9.0
2026-02-11,12.0
2026-02-12,11.0
2026-02-13,16.0
2026-02-14,11.0
2026-02-15,16.0
2026-02-16,11.0
2026-02-17,15.0
2026-02-18,13.0
2026-02-19,8.0
2026-02-20,
2026-02-21,
2026-02-22,14.0
2026-02-23,15.0
2026-02-24,19.0
2026-02-25,14.0
2026-02-26,16.0
2026-02-27,16.0
2026-02-28,15.0
2026-03-01,11.0
2026-03-02,12.0
2026-03-03,16.0
2026-03-04,15.0
2026-03-05,12.0
2026-03-06,15.0
2026-03-07,17.0
2026-03-08,17.0
2026-03-09,17.0
2026-03-10,11.0
2026-03-11,13.0
2026-03-12,17.0
2026-03-13,17.0
2026-03-14,11.0
2026-03-15,13.0
2026-03-16,20.0
2026-03-17,17.0
2026-03-18,14.0
2026-03-19,18.0
2026-03-20,16.0
2026-03-21,16.0
2026-03-22,13.0
2026-03-23,16.0
2026-03-24,17.0
2026-03-25,17.0
2026-03-26,14.0
2026-03-27,16.0
2026-03-28,16.0
2026-03-29,18.0
2026-03-30,19.0
2026-03-31,15.0
2026-04-01,16.0
2026-04-02,18.0
2026-04-03,22.0
2026-04-04,23.0
2026-04-05,24.0
2026-04-06,26.0
2026-04-07,25.0
2026-04-08,24.0
2026-04-09,22.0
2026-04-10,21.0
2026-04-11,21.0
2026-04-12,18.0
2026-04-13,15.0
2026-04-14,19.0
2026-04-15,22.0
2026-04-16,24.0
2026-04-17,24.0
2026-04-18,25.0
2026-04-19,24.0
2026-04-20,23.0
2026-04-21,19.0
2026-04-22,18.0
2026-04-23,22.0
2026-04-24,25.0
2026-04-25,25.0
2026-04-26,25.0
2026-04-27,26.0
2026-04-28,22.0
2026-04-29,23.0
2026-04-30,19.0
2026-05-01,21.0
2026-05-02,24.0
2026-05-03,23.0
2026-05-04,22.0
2026-05-05,16.0
2026-05-06,17.0
2026-05-07,21.0
2026-05-08,20.0
2026-05-09,24.0
2026-05-10,16.0
2026-05-11,21.0
2026-05-12,20.0
2026-05-13,19.0
