Date,GFS_850hPa_Temp
2021-05-12,8.4
2021-05-13,8.73
2021-05-14,6.14
2021-05-15,6.2
2021-05-16,8.11
2021-05-17,10.06
2021-05-18,8.41
2021-05-19,9.28
2021-05-20,9.11
2021-05-21,6.43
2021-05-22,5.91
2021-05-23,9.78
2021-05-24,5.38
2021-05-25,9.31
2021-05-26,8.0
2021-05-27,10.54
2021-05-28,9.74
2021-05-29,10.69
2021-05-30,9.1
2021-05-31,8.03
2021-06-01,10.31
2021-06-02,10.6
2021-06-03,12.24
2021-06-04,13.63
2021-06-05,12.34
2021-06-06,13.31
2021-06-07,12.34
2021-06-08,12.97
2021-06-09,14.55
2021-06-10,14.97
2021-06-11,14.83
2021-06-12,15.68
2021-06-13,19.45
2021-06-14,16.08
2021-06-15,14.9
2021-06-16,16.32
2021-06-17,16.69
2021-06-18,16.93
2021-06-19,18.55
2021-06-20,18.2
2021-06-21,14.42
2021-06-22,14.22
2021-06-23,15.06
2021-06-24,14.99
2021-06-25,14.76
2021-06-26,16.2
2021-06-27,17.11
2021-06-28,18.77
2021-06-29,15.93
2021-06-30,15.53
2021-07-01,16.72
2021-07-02,17.22
2021-07-03,16.67
2021-07-04,12.15
2021-07-05,15.26
2021-07-06,16.45
2021-07-07,17.0
2021-07-08,15.3
2021-07-09,15.56
2021-07-10,15.78
2021-07-11,16.84
2021-07-12,18.01
2021-07-13,13.57
2021-07-14,12.19
2021-07-15,11.83
2021-07-16,15.1
2021-07-17,19.2
2021-07-18,20.31
2021-07-19,19.75
2021-07-20,20.48
2021-07-21,20.2
2021-07-22,18.35
2021-07-23,18.16
2021-07-24,19.36
2021-07-25,15.5
2021-07-26,14.74
2021-07-27,14.55
2021-07-28,14.89
2021-07-29,15.73
2021-07-30,16.44
2021-07-31,15.42
2021-08-01,13.92
2021-08-02,12.63
2021-08-03,11.69
2021-08-04,11.84
2021-08-05,16.63
2021-08-06,14.86
2021-08-07,13.95
2021-08-08,13.29
2021-08-09,14.71
2021-08-10,16.27
2021-08-11,19.92
2021-08-12,19.49
2021-08-13,20.21
2021-08-14,21.35
2021-08-15,21.96
2021-08-16,19.32
2021-08-17,17.28
2021-08-18,15.67
2021-08-19,16.03
2021-08-20,17.1
2021-08-21,18.29
2021-08-22,18.36
2021-08-23,15.35
2021-08-24,15.95
2021-08-25,13.19
2021-08-26,16.7
2021-08-27,11.34
2021-08-28,13.05
2021-08-29,12.87
2021-08-30,14.06
2021-08-31,13.88
2021-09-01,14.53
2021-09-02,14.34
2021-09-03,14.21
2021-09-04,15.15
2021-09-05,15.67
2021-09-06,14.72
2021-09-07,14.87
2021-09-08,14.35
2021-09-09,14.24
2021-09-10,14.32
2021-09-11,15.73
2021-09-12,16.26
2021-09-13,16.58
2021-09-14,15.67
2021-09-15,13.62
2021-09-16,12.38
2021-09-17,15.05
2021-09-18,12.19
2021-09-19,10.7
2021-09-20,9.78
2021-09-21,8.22
2021-09-22,10.4
2021-09-23,9.16
2021-09-24,13.27
2021-09-25,10.97
2021-09-26,11.47
2021-09-27,14.07
2021-09-28,12.57
2021-09-29,11.28
2021-09-30,8.66
2021-10-01,8.66
2021-10-02,8.87
2021-10-03,9.81
2021-10-04,10.49
2021-10-05,7.58
2021-10-06,7.88
2021-10-07,7.47
2021-10-08,7.56
2021-10-09,3.28
2021-10-10,3.83
2021-10-11,9.49
2021-10-12,6.12
2021-10-13,6.37
2021-10-14,2.69
2021-10-15,7.23
2021-10-16,6.25
2021-10-17,6.97
2021-10-18,9.01
2021-10-19,9.27
2021-10-20,6.27
2021-10-21,7.43
2021-10-22,9.07
2021-10-23,6.72
2021-10-24,6.82
2021-10-25,8.2
2021-10-26,8.73
2021-10-27,6.87
2021-10-28,8.59
2021-10-29,6.52
2021-10-30,2.63
2021-10-31,4.82
2021-11-01,3.92
2021-11-02,5.38
2021-11-03,3.91
2021-11-04,2.08
2021-11-05,3.6
2021-11-06,4.05
2021-11-07,8.89
2021-11-08,2.73
2021-11-09,5.67
2021-11-10,9.1
2021-11-11,9.0
2021-11-12,8.45
2021-11-13,4.51
2021-11-14,2.95
2021-11-15,3.52
2021-11-16,4.22
2021-11-17,5.62
2021-11-18,5.93
2021-11-19,9.92
2021-11-20,10.04
2021-11-21,4.26
2021-11-22,2.38
2021-11-23,0.78
2021-11-24,3.2
2021-11-25,0.45
2021-11-26,3.14
2021-11-27,-0.43
2021-11-28,-0.57
2021-11-29,-1.35
2021-11-30,0.83
2021-12-01,-0.47
2021-12-02,1.67
2021-12-03,-1.28
2021-12-04,-1.78
2021-12-05,-0.03
2021-12-06,-1.22
2021-12-07,0.54
2021-12-08,-3.75
2021-12-09,0.07
2021-12-10,-4.46
2021-12-11,1.2
2021-12-12,3.38
2021-12-13,6.39
2021-12-14,9.0
2021-12-15,5.64
2021-12-16,6.68
2021-12-17,10.29
2021-12-18,2.46
2021-12-19,8.22
2021-12-20,8.07
2021-12-21,-2.97
2021-12-22,-3.2
2021-12-23,-0.57
2021-12-24,1.82
2021-12-25,3.5
2021-12-26,2.26
2021-12-27,0.26
2021-12-28,1.15
2021-12-29,7.53
2021-12-30,10.6
2021-12-31,12.2
2022-01-01,14.19
2022-01-02,8.4
2022-01-03,5.65
2022-01-04,1.72
2022-01-05,2.63
2022-01-06,-1.84
2022-01-07,-5.09
2022-01-08,-0.41
2022-01-09,0.13
2022-01-10,-0.81
2022-01-11,0.95
2022-01-12,1.58
2022-01-13,2.08
2022-01-14,9.52
2022-01-15,8.11
2022-01-16,4.98
2022-01-17,5.56
2022-01-18,0.87
2022-01-19,-0.05
2022-01-20,1.07
2022-01-21,-3.67
2022-01-22,3.49
2022-01-23,1.6
2022-01-24,1.1
2022-01-25,4.81
2022-01-26,6.22
2022-01-27,7.12
2022-01-28,6.36
2022-01-29,3.64
2022-01-30,9.21
2022-01-31,4.43
2022-02-01,0.85
2022-02-02,6.52
2022-02-03,2.09
2022-02-04,1.33
2022-02-05,2.82
2022-02-06,0.72
2022-02-07,-0.08
2022-02-08,4.04
2022-02-09,5.68
2022-02-10,1.29
2022-02-11,2.53
2022-02-12,-4.0
2022-02-13,-3.91
2022-02-14,-3.2
2022-02-15,2.41
2022-02-16,0.82
2022-02-17,10.3
2022-02-18,5.16
2022-02-19,3.43
2022-02-20,5.04
2022-02-21,3.19
2022-02-22,3.62
2022-02-23,3.44
2022-02-24,1.37
2022-02-25,1.21
2022-02-26,0.41
2022-02-27,-3.03
2022-02-28,1.22
2022-03-01,-4.1
2022-03-02,0.0
2022-03-03,0.55
2022-03-04,-1.86
2022-03-05,-3.89
2022-03-06,-4.61
2022-03-07,-3.22
2022-03-08,-5.68
2022-03-09,0.93
2022-03-10,1.34
2022-03-11,-2.97
2022-03-12,-3.85
2022-03-13,-2.99
2022-03-14,1.61
2022-03-15,0.61
2022-03-16,5.59
2022-03-17,2.94
2022-03-18,1.32
2022-03-19,1.53
2022-03-20,-1.79
2022-03-21,-0.75
2022-03-22,1.48
2022-03-23,5.57
2022-03-24,6.96
2022-03-25,5.84
2022-03-26,5.99
2022-03-27,6.74
2022-03-28,7.13
2022-03-29,5.64
2022-03-30,2.06
2022-03-31,3.32
2022-04-01,1.84
2022-04-02,-0.17
2022-04-03,-0.52
2022-04-04,-0.88
2022-04-05,3.67
2022-04-06,3.16
2022-04-07,6.5
2022-04-08,8.65
2022-04-09,3.84
2022-04-10,2.85
2022-04-11,3.0
2022-04-12,4.57
2022-04-13,6.07
2022-04-14,9.47
2022-04-15,10.76
2022-04-16,9.23
2022-04-17,3.33
2022-04-18,5.26
2022-04-19,7.31
2022-04-20,0.87
2022-04-21,2.6
2022-04-22,5.79
2022-04-23,5.25
2022-04-24,2.36
2022-04-25,6.27
2022-04-26,5.12
2022-04-27,6.84
2022-04-28,6.77
2022-04-29,6.74
2022-04-30,6.02
2022-05-01,8.04
2022-05-02,7.83
2022-05-03,6.9
2022-05-04,6.34
2022-05-05,5.18
2022-05-06,4.92
2022-05-07,6.23
2022-05-08,7.91
2022-05-09,9.9
2022-05-10,11.38
2022-05-11,12.46
2022-05-12,12.91
2022-05-13,12.86
2022-05-14,12.09
2022-05-15,13.46
2022-05-16,13.68
2022-05-17,15.27
2022-05-18,13.09
2022-05-19,12.52
2022-05-20,13.94
2022-05-21,17.95
2022-05-22,17.22
2022-05-23,13.29
2022-05-24,11.72
2022-05-25,11.78
2022-05-26,14.31
2022-05-27,16.6
2022-05-28,15.06
2022-05-29,6.46
2022-05-30,6.66
2022-05-31,9.18
2022-06-01,12.5
2022-06-02,15.41
2022-06-03,12.86
2022-06-04,15.37
2022-06-05,15.29
2022-06-06,15.68
2022-06-07,15.01
2022-06-08,12.08
2022-06-09,15.13
2022-06-10,15.48
2022-06-11,16.39
2022-06-12,16.9
2022-06-13,18.96
2022-06-14,16.94
2022-06-15,17.58
2022-06-16,19.18
2022-06-17,20.01
2022-06-18,18.95
2022-06-19,20.03
2022-06-20,19.57
2022-06-21,18.24
2022-06-22,14.72
2022-06-23,17.13
2022-06-24,14.66
2022-06-25,15.13
2022-06-26,16.04
2022-06-27,18.53
2022-06-28,17.02
2022-06-29,16.58
2022-06-30,15.94
2022-07-01,15.29
2022-07-02,18.13
2022-07-03,20.02
2022-07-04,20.58
2022-07-05,20.37
2022-07-06,18.52
2022-07-07,19.07
2022-07-08,18.14
2022-07-09,17.71
2022-07-10,19.1
2022-07-11,18.81
2022-07-12,18.34
2022-07-13,18.18
2022-07-14,20.49
2022-07-15,23.1
2022-07-16,21.31
2022-07-17,20.43
2022-07-18,21.72
2022-07-19,21.42
2022-07-20,22.63
2022-07-21,22.93
2022-07-22,23.76
2022-07-23,22.77
2022-07-24,22.32
2022-07-25,23.69
2022-07-26,22.28
2022-07-27,16.37
2022-07-28,16.89
2022-07-29,15.19
2022-07-30,18.43
2022-07-31,18.36
2022-08-01,20.55
2022-08-02,18.16
2022-08-03,19.26
2022-08-04,21.67
2022-08-05,23.44
2022-08-06,22.24
2022-08-07,15.39
2022-08-08,16.94
2022-08-09,16.6
2022-08-10,17.74
2022-08-11,17.18
2022-08-12,17.25
2022-08-13,16.97
2022-08-14,18.14
2022-08-15,18.42
2022-08-16,18.7
2022-08-17,15.72
2022-08-18,14.91
2022-08-19,15.86
2022-08-20,18.37
2022-08-21,17.79
2022-08-22,17.92
2022-08-23,16.45
2022-08-24,16.09
2022-08-25,18.47
2022-08-26,18.28
2022-08-27,18.15
2022-08-28,16.32
2022-08-29,16.9
2022-08-30,15.76
2022-08-31,14.82
2022-09-01,12.33
2022-09-02,11.99
2022-09-03,11.23
2022-09-04,13.46
2022-09-05,13.69
2022-09-06,15.42
2022-09-07,14.56
2022-09-08,13.49
2022-09-09,12.31
2022-09-10,12.59
2022-09-11,13.67
2022-09-12,13.11
2022-09-13,15.34
2022-09-14,13.56
2022-09-15,14.97
2022-09-16,15.68
2022-09-17,9.2
2022-09-18,9.63
2022-09-19,11.4
2022-09-20,9.39
2022-09-21,3.73
2022-09-22,7.57
2022-09-23,7.41
2022-09-24,4.77
2022-09-25,6.69
2022-09-26,8.72
2022-09-27,11.35
2022-09-28,8.09
2022-09-29,8.27
2022-09-30,6.35
2022-10-01,8.56
2022-10-02,13.86
2022-10-03,13.09
2022-10-04,10.01
2022-10-05,10.1
2022-10-06,12.31
2022-10-07,11.27
2022-10-08,10.84
2022-10-09,7.66
2022-10-10,8.06
2022-10-11,10.63
2022-10-12,9.28
2022-10-13,8.58
2022-10-14,9.35
2022-10-15,8.92
2022-10-16,9.63
2022-10-17,11.22
2022-10-18,13.99
2022-10-19,14.07
2022-10-20,10.17
2022-10-21,8.33
2022-10-22,10.75
2022-10-23,9.99
2022-10-24,9.67
2022-10-25,10.1
2022-10-26,11.49
2022-10-27,12.76
2022-10-28,14.57
2022-10-29,15.84
2022-10-30,15.52
2022-10-31,12.8
2022-11-01,7.62
2022-11-02,8.05
2022-11-03,6.25
2022-11-04,5.98
2022-11-05,5.8
2022-11-06,4.74
2022-11-07,6.27
2022-11-08,5.18
2022-11-09,5.45
2022-11-10,6.99
2022-11-11,9.38
2022-11-12,13.4
2022-11-13,3.91
2022-11-14,1.69
2022-11-15,2.61
2022-11-16,6.27
2022-11-17,4.97
2022-11-18,6.96
2022-11-19,4.9
2022-11-20,2.21
2022-11-21,2.55
2022-11-22,4.75
2022-11-23,2.65
2022-11-24,5.5
2022-11-25,3.14
2022-11-26,3.44
2022-11-27,-0.25
2022-11-28,-1.46
2022-11-29,-0.99
2022-11-30,-1.13
2022-12-01,0.94
2022-12-02,-2.63
2022-12-03,-0.39
2022-12-04,0.3
2022-12-05,0.31
2022-12-06,1.89
2022-12-07,1.29
2022-12-08,-2.19
2022-12-09,-0.87
2022-12-10,3.6
2022-12-11,-2.57
2022-12-12,-4.14
2022-12-13,-4.58
2022-12-14,-1.27
2022-12-15,0.64
2022-12-16,1.91
2022-12-17,2.4
2022-12-18,-3.18
2022-12-19,0.4
2022-12-20,0.73
2022-12-21,2.5
2022-12-22,4.45
2022-12-23,6.33
2022-12-24,6.61
2022-12-25,2.32
2022-12-26,2.66
2022-12-27,3.86
2022-12-28,-0.33
2022-12-29,0.24
2022-12-30,1.4
2022-12-31,3.75
2023-01-01,3.92
2023-01-02,3.21
2023-01-03,2.54
2023-01-04,4.11
2023-01-05,7.88
2023-01-06,4.42
2023-01-07,1.45
2023-01-08,-0.37
2023-01-09,3.26
2023-01-10,2.75
2023-01-11,1.82
2023-01-12,3.21
2023-01-13,1.88
2023-01-14,1.01
2023-01-15,-0.13
2023-01-16,-2.4
2023-01-17,-3.45
2023-01-18,-2.24
2023-01-19,-3.83
2023-01-20,-3.96
2023-01-21,-3.77
2023-01-22,-2.71
2023-01-23,0.1
2023-01-24,0.31
2023-01-25,-0.61
2023-01-26,-0.28
2023-01-27,-6.24
2023-01-28,-2.9
2023-01-29,-0.69
2023-01-30,4.7
2023-01-31,1.8
2023-02-01,3.65
2023-02-02,4.6
2023-02-03,7.5
2023-02-04,7.55
2023-02-05,-5.63
2023-02-06,-6.9
2023-02-07,-4.13
2023-02-08,-8.04
2023-02-09,-7.05
2023-02-10,0.45
2023-02-11,4.36
2023-02-12,6.68
2023-02-13,5.63
2023-02-14,7.96
2023-02-15,7.93
2023-02-16,4.68
2023-02-17,5.93
2023-02-18,7.44
2023-02-19,9.37
2023-02-20,6.72
2023-02-21,6.0
2023-02-22,1.92
2023-02-23,1.96
2023-02-24,1.36
2023-02-25,5.72
2023-02-26,-4.87
2023-02-27,-4.74
2023-02-28,-1.84
2023-03-01,1.0
2023-03-02,-0.08
2023-03-03,1.69
2023-03-04,3.05
2023-03-05,2.41
2023-03-06,-0.07
2023-03-07,1.03
2023-03-08,1.63
2023-03-09,7.71
2023-03-10,5.6
2023-03-11,7.83
2023-03-12,4.54
2023-03-13,3.16
2023-03-14,4.1
2023-03-15,2.04
2023-03-16,-0.44
2023-03-17,0.9
2023-03-18,2.81
2023-03-19,2.68
2023-03-20,4.38
2023-03-21,4.82
2023-03-22,6.81
2023-03-23,6.78
2023-03-24,4.73
2023-03-25,7.84
2023-03-26,3.37
2023-03-27,3.59
2023-03-28,1.11
2023-03-29,4.28
2023-03-30,3.37
2023-03-31,2.84
2023-04-01,7.58
2023-04-02,7.33
2023-04-03,3.53
2023-04-04,-0.32
2023-04-05,-0.67
2023-04-06,0.94
2023-04-07,0.44
2023-04-08,4.07
2023-04-09,1.88
2023-04-10,2.47
2023-04-11,7.02
2023-04-12,3.66
2023-04-13,2.97
2023-04-14,5.27
2023-04-15,4.34
2023-04-16,6.54
2023-04-17,6.05
2023-04-18,8.0
2023-04-19,8.04
2023-04-20,3.44
2023-04-21,4.56
2023-04-22,6.42
2023-04-23,6.53
2023-04-24,9.62
2023-04-25,8.42
2023-04-26,6.17
2023-04-27,6.51
2023-04-28,7.3
2023-04-29,8.73
2023-04-30,7.49
2023-05-01,5.69
2023-05-02,9.82
2023-05-03,7.52
2023-05-04,8.71
2023-05-05,10.06
2023-05-06,10.89
2023-05-07,9.9
2023-05-08,9.24
2023-05-09,6.49
2023-05-10,5.7
2023-05-11,6.59
2023-05-12,4.33
2023-05-13,5.16
2023-05-14,5.21
2023-05-15,9.05
2023-05-16,8.9
2023-05-17,5.45
2023-05-18,6.24
2023-05-19,4.9
2023-05-20,7.81
2023-05-21,11.55
2023-05-22,12.08
2023-05-23,13.57
2023-05-24,12.58
2023-05-25,9.92
2023-05-26,14.46
2023-05-27,11.34
2023-05-28,11.82
2023-05-29,12.42
2023-05-30,11.81
2023-05-31,10.59
2023-06-01,11.54
2023-06-02,13.56
2023-06-03,11.43
2023-06-04,11.06
2023-06-05,8.86
2023-06-06,11.68
2023-06-07,11.42
2023-06-08,12.79
2023-06-09,12.45
2023-06-10,13.83
2023-06-11,14.51
2023-06-12,13.07
2023-06-13,10.94
2023-06-14,12.11
2023-06-15,12.82
2023-06-16,14.66
2023-06-17,14.59
2023-06-18,14.38
2023-06-19,14.96
2023-06-20,15.71
2023-06-21,20.03
2023-06-22,18.05
2023-06-23,18.91
2023-06-24,15.87
2023-06-25,16.21
2023-06-26,18.18
2023-06-27,18.77
2023-06-28,13.1
2023-06-29,12.87
2023-06-30,11.23
2023-07-01,14.36
2023-07-02,15.43
2023-07-03,15.64
2023-07-04,13.08
2023-07-05,13.64
2023-07-06,13.37
2023-07-07,14.47
2023-07-08,15.66
2023-07-09,19.18
2023-07-10,20.02
2023-07-11,20.2
2023-07-12,16.88
2023-07-13,16.42
2023-07-14,14.8
2023-07-15,16.05
2023-07-16,17.23
2023-07-17,19.04
2023-07-18,20.55
2023-07-19,21.24
2023-07-20,17.92
2023-07-21,16.05
2023-07-22,14.99
2023-07-23,14.85
2023-07-24,15.08
2023-07-25,17.42
2023-07-26,14.93
2023-07-27,12.17
2023-07-28,14.19
2023-07-29,14.71
2023-07-30,16.87
2023-07-31,15.11
2023-08-01,15.52
2023-08-02,14.87
2023-08-03,15.29
2023-08-04,13.65
2023-08-05,14.59
2023-08-06,16.33
2023-08-07,13.99
2023-08-08,13.3
2023-08-09,14.59
2023-08-10,15.52
2023-08-11,16.79
2023-08-12,17.72
2023-08-13,18.86
2023-08-14,19.39
2023-08-15,19.39
2023-08-16,19.01
2023-08-17,19.02
2023-08-18,18.51
2023-08-19,20.44
2023-08-20,21.59
2023-08-21,21.48
2023-08-22,22.49
2023-08-23,23.71
2023-08-24,23.77
2023-08-25,21.76
2023-08-26,17.15
2023-08-27,13.21
2023-08-28,10.07
2023-08-29,11.59
2023-08-30,11.86
2023-08-31,10.5
2023-09-01,11.77
2023-09-02,13.31
2023-09-03,18.64
2023-09-04,14.08
2023-09-05,11.51
2023-09-06,14.21
2023-09-07,14.99
2023-09-08,15.15
2023-09-09,16.06
2023-09-10,18.03
2023-09-11,17.58
2023-09-12,16.56
2023-09-13,12.73
2023-09-14,14.0
2023-09-15,12.22
2023-09-16,12.79
2023-09-17,13.55
2023-09-18,13.31
2023-09-19,13.86
2023-09-20,11.94
2023-09-21,11.57
2023-09-22,11.06
2023-09-23,9.6
2023-09-24,10.09
2023-09-25,12.32
2023-09-26,15.3
2023-09-27,12.79
2023-09-28,14.57
2023-09-29,14.96
2023-09-30,15.65
2023-10-01,14.52
2023-10-02,15.26
2023-10-03,14.1
2023-10-04,11.36
2023-10-05,12.26
2023-10-06,12.06
2023-10-07,17.14
2023-10-08,20.07
2023-10-09,19.94
2023-10-10,18.35
2023-10-11,13.87
2023-10-12,13.43
2023-10-13,10.46
2023-10-14,10.97
2023-10-15,11.22
2023-10-16,3.62
2023-10-17,5.42
2023-10-18,5.18
2023-10-19,7.29
2023-10-20,11.17
2023-10-21,8.72
2023-10-22,7.71
2023-10-23,6.13
2023-10-24,8.58
2023-10-25,7.53
2023-10-26,7.6
2023-10-27,10.2
2023-10-28,7.64
2023-10-29,6.68
2023-10-30,8.97
2023-10-31,7.98
2023-11-01,5.1
2023-11-02,5.4
2023-11-03,5.46
2023-11-04,1.93
2023-11-05,5.26
2023-11-06,4.46
2023-11-07,2.17
2023-11-08,3.13
2023-11-09,0.82
2023-11-10,2.01
2023-11-11,4.57
2023-11-12,1.62
2023-11-13,8.55
2023-11-14,9.82
2023-11-15,8.28
2023-11-16,4.09
2023-11-17,6.2
2023-11-18,4.47
2023-11-19,7.57
2023-11-20,6.73
2023-11-21,4.95
2023-11-22,3.9
2023-11-23,9.03
2023-11-24,11.16
2023-11-25,-1.34
2023-11-26,0.17
2023-11-27,-0.71
2023-11-28,4.54
2023-11-29,-1.76
2023-11-30,-1.17
2023-12-01,2.26
2023-12-02,2.68
2023-12-03,-4.54
2023-12-04,-5.87
2023-12-05,-1.85
2023-12-06,0.72
2023-12-07,-0.42
2023-12-08,-2.0
2023-12-09,0.7
2023-12-10,6.53
2023-12-11,3.55
2023-12-12,3.9
2023-12-13,2.35
2023-12-14,4.3
2023-12-15,3.14
2023-12-16,1.25
2023-12-17,8.51
2023-12-18,10.14
2023-12-19,9.84
2023-12-20,6.0
2023-12-21,6.5
2023-12-22,6.04
2023-12-23,12.04
2023-12-24,11.66
2023-12-25,7.56
2023-12-26,4.78
2023-12-27,3.39
2023-12-28,0.69
2023-12-29,0.76
2023-12-30,2.03
2023-12-31,0.54
2024-01-01,2.88
2024-01-02,-0.2
2024-01-03,3.47
2024-01-04,6.1
2024-01-05,-0.41
2024-01-06,3.35
2024-01-07,1.06
2024-01-08,-0.58
2024-01-09,-3.65
2024-01-10,-3.51
2024-01-11,1.36
2024-01-12,1.11
2024-01-13,1.12
2024-01-14,-0.89
2024-01-15,3.34
2024-01-16,-2.9
2024-01-17,-1.01
2024-01-18,3.45
2024-01-19,-0.06
2024-01-20,-3.52
2024-01-21,0.4
2024-01-22,1.34
2024-01-23,4.29
2024-01-24,10.75
2024-01-25,9.51
2024-01-26,5.81
2024-01-27,8.19
2024-01-28,1.23
2024-01-29,4.68
2024-01-30,4.0
2024-01-31,5.62
2024-02-01,5.84
2024-02-02,6.78
2024-02-03,11.11
2024-02-04,11.26
2024-02-05,9.96
2024-02-06,4.65
2024-02-07,1.95
2024-02-08,3.19
2024-02-09,3.09
2024-02-10,3.13
2024-02-11,4.18
2024-02-12,2.23
2024-02-13,3.61
2024-02-14,4.77
2024-02-15,5.32
2024-02-16,5.7
2024-02-17,8.02
2024-02-18,5.16
2024-02-19,5.86
2024-02-20,3.99
2024-02-21,2.43
2024-02-22,1.31
2024-02-23,0.29
2024-02-24,-0.62
2024-02-25,-1.22
2024-02-26,-1.4
2024-02-27,2.28
2024-02-28,3.29
2024-02-29,4.68
2024-03-01,2.66
2024-03-02,1.45
2024-03-03,2.27
2024-03-04,3.92
2024-03-05,3.47
2024-03-06,2.11
2024-03-07,0.44
2024-03-08,-1.07
2024-03-09,-0.54
2024-03-10,0.42
2024-03-11,2.15
2024-03-12,4.67
2024-03-13,4.16
2024-03-14,4.05
2024-03-15,4.21
2024-03-16,7.65
2024-03-17,5.63
2024-03-18,5.17
2024-03-19,5.21
2024-03-20,4.99
2024-03-21,9.11
2024-03-22,5.82
2024-03-23,6.26
2024-03-24,4.44
2024-03-25,2.34
2024-03-26,-0.01
2024-03-27,1.65
2024-03-28,0.04
2024-03-29,4.53
2024-03-30,4.91
2024-03-31,4.15
2024-04-01,4.14
2024-04-02,5.23
2024-04-03,2.28
2024-04-04,4.79
2024-04-05,5.8
2024-04-06,8.65
2024-04-07,13.39
2024-04-08,11.26
2024-04-09,6.31
2024-04-10,4.12
2024-04-11,11.99
2024-04-12,12.43
2024-04-13,12.96
2024-04-14,13.68
2024-04-15,9.54
2024-04-16,7.02
2024-04-17,5.8
2024-04-18,3.07
2024-04-19,3.32
2024-04-20,3.84
2024-04-21,2.94
2024-04-22,-1.97
2024-04-23,2.2
2024-04-24,3.7
2024-04-25,0.92
2024-04-26,0.79
2024-04-27,2.43
2024-04-28,5.12
2024-04-29,8.34
2024-04-30,10.61
2024-05-01,7.1
2024-05-02,4.02
2024-05-03,6.49
2024-05-04,6.54
2024-05-05,7.23
2024-05-06,4.74
2024-05-07,4.93
2024-05-08,8.81
2024-05-09,10.16
2024-05-10,8.99
2024-05-11,10.63
2024-05-12,11.26
2024-05-13,7.66
2024-05-14,8.72
2024-05-15,6.49
2024-05-16,6.94
2024-05-17,6.75
2024-05-18,7.69
2024-05-19,10.19
2024-05-20,10.27
2024-05-21,8.94
2024-05-22,9.59
2024-05-23,7.19
2024-05-24,7.23
2024-05-25,7.87
2024-05-26,11.05
2024-05-27,11.04
2024-05-28,12.65
2024-05-29,9.92
2024-05-30,10.25
2024-05-31,7.57
2024-06-01,10.01
2024-06-02,10.54
2024-06-03,9.14
2024-06-04,11.17
2024-06-05,11.63
2024-06-06,12.43
2024-06-07,14.56
2024-06-08,13.47
2024-06-09,14.17
2024-06-10,13.57
2024-06-11,10.72
2024-06-12,8.81
2024-06-13,9.11
2024-06-14,9.5
2024-06-15,10.04
2024-06-16,11.55
2024-06-17,12.57
2024-06-18,14.21
2024-06-19,16.09
2024-06-20,17.71
2024-06-21,15.98
2024-06-22,13.98
2024-06-23,10.03
2024-06-24,15.24
2024-06-25,12.61
2024-06-26,13.16
2024-06-27,15.78
2024-06-28,18.13
2024-06-29,17.95
2024-06-30,14.61
2024-07-01,14.7
2024-07-02,14.04
2024-07-03,10.18
2024-07-04,12.68
2024-07-05,13.59
2024-07-06,13.11
2024-07-07,12.8
2024-07-08,14.72
2024-07-09,16.9
2024-07-10,18.16
2024-07-11,18.65
2024-07-12,16.17
2024-07-13,14.78
2024-07-14,15.2
2024-07-15,17.19
2024-07-16,16.74
2024-07-17,17.15
2024-07-18,17.96
2024-07-19,18.9
2024-07-20,17.54
2024-07-21,16.53
2024-07-22,19.53
2024-07-23,18.72
2024-07-24,19.37
2024-07-25,16.93
2024-07-26,16.3
2024-07-27,18.0
2024-07-28,20.26
2024-07-29,17.95
2024-07-30,19.0
2024-07-31,20.7
2024-08-01,20.15
2024-08-02,19.44
2024-08-03,20.34
2024-08-04,18.51
2024-08-05,18.5
2024-08-06,19.2
2024-08-07,18.06
2024-08-08,19.01
2024-08-09,19.24
2024-08-10,20.22
2024-08-11,20.93
2024-08-12,21.72
2024-08-13,21.05
2024-08-14,20.38
2024-08-15,19.77
2024-08-16,18.77
2024-08-17,19.18
2024-08-18,14.71
2024-08-19,15.47
2024-08-20,16.94
2024-08-21,19.8
2024-08-22,16.96
2024-08-23,17.01
2024-08-24,17.57
2024-08-25,18.19
2024-08-26,17.55
2024-08-27,16.31
2024-08-28,17.24
2024-08-29,19.62
2024-08-30,19.7
2024-08-31,19.12
2024-09-01,19.42
2024-09-02,17.24
2024-09-03,17.4
2024-09-04,15.94
2024-09-05,11.58
2024-09-06,13.49
2024-09-07,13.71
2024-09-08,13.07
2024-09-09,15.58
2024-09-10,15.07
2024-09-11,12.38
2024-09-12,8.73
2024-09-13,7.43
2024-09-14,9.06
2024-09-15,14.9
2024-09-16,10.48
2024-09-17,6.21
2024-09-18,7.2
2024-09-19,9.43
2024-09-20,10.09
2024-09-21,9.62
2024-09-22,10.36
2024-09-23,9.58
2024-09-24,8.72
2024-09-25,8.75
2024-09-26,9.41
2024-09-27,11.35
2024-09-28,10.42
2024-09-29,5.52
2024-09-30,6.6
2024-10-01,6.64
2024-10-02,10.11
2024-10-03,6.34
2024-10-04,4.92
2024-10-05,6.01
2024-10-06,5.68
2024-10-07,7.07
2024-10-08,9.53
2024-10-09,8.54
2024-10-10,10.76
2024-10-11,8.8
2024-10-12,6.04
2024-10-13,9.89
2024-10-14,9.85
2024-10-15,11.09
2024-10-16,8.62
2024-10-17,9.25
2024-10-18,8.84
2024-10-19,8.38
2024-10-20,10.27
2024-10-21,9.82
2024-10-22,10.36
2024-10-23,9.26
2024-10-24,7.14
2024-10-25,7.83
2024-10-26,8.67
2024-10-27,9.56
2024-10-28,10.28
2024-10-29,11.55
2024-10-30,11.42
2024-10-31,10.78
2024-11-01,11.16
2024-11-02,12.63
2024-11-03,10.93
2024-11-04,11.49
2024-11-05,9.3
2024-11-06,8.37
2024-11-07,6.69
2024-11-08,5.21
2024-11-09,6.6
2024-11-10,8.64
2024-11-11,5.21
2024-11-12,2.31
2024-11-13,4.99
2024-11-14,2.24
2024-11-15,5.85
2024-11-16,6.73
2024-11-17,6.0
2024-11-18,5.54
2024-11-19,3.32
2024-11-20,2.97
2024-11-21,-2.34
2024-11-22,-1.07
2024-11-23,-1.4
2024-11-24,0.18
2024-11-25,1.23
2024-11-26,3.6
2024-11-27,3.93
2024-11-28,5.83
2024-11-29,2.45
2024-11-30,-1.18
2024-12-01,4.98
2024-12-02,6.5
2024-12-03,2.27
2024-12-04,-0.18
2024-12-05,-0.53
2024-12-06,6.06
2024-12-07,0.55
2024-12-08,1.61
2024-12-09,0.04
2024-12-10,-0.92
2024-12-11,1.33
2024-12-12,0.44
2024-12-13,-0.15
2024-12-14,-0.12
2024-12-15,2.39
2024-12-16,8.97
2024-12-17,7.95
2024-12-18,5.52
2024-12-19,0.95
2024-12-20,-0.44
2024-12-21,-0.73
2024-12-22,-1.52
2024-12-23,1.11
2024-12-24,-0.1
2024-12-25,2.49
2024-12-26,3.22
2024-12-27,6.41
2024-12-28,8.86
2024-12-29,7.49
2024-12-30,6.22
2024-12-31,4.19
2025-01-01,1.22
2025-01-02,-0.94
2025-01-03,1.19
2025-01-04,-4.12
2025-01-05,-0.75
2025-01-06,-0.16
2025-01-07,1.68
2025-01-08,1.1
2025-01-09,1.12
2025-01-10,0.47
2025-01-11,-2.43
2025-01-12,-1.44
2025-01-13,0.02
2025-01-14,0.81
2025-01-15,2.92
2025-01-16,-1.93
2025-01-17,-0.28
2025-01-18,5.39
2025-01-19,-0.73
2025-01-20,-0.63
2025-01-21,0.18
2025-01-22,-1.1
2025-01-23,2.51
2025-01-24,4.79
2025-01-25,1.08
2025-01-26,0.18
2025-01-27,0.41
2025-01-28,2.26
2025-01-29,0.82
2025-01-30,-0.36
2025-01-31,-0.67
2025-02-01,-0.49
2025-02-02,0.69
2025-02-03,4.82
2025-02-04,2.24
2025-02-05,6.79
2025-02-06,1.46
2025-02-07,-4.62
2025-02-08,-2.79
2025-02-09,-0.54
2025-02-10,0.08
2025-02-11,-0.12
2025-02-12,-0.02
2025-02-13,0.32
2025-02-14,-0.67
2025-02-15,0.26
2025-02-16,-0.16
2025-02-17,-5.1
2025-02-18,-2.16
2025-02-19,-4.58
2025-02-20,2.07
2025-02-21,2.34
2025-02-22,0.8
2025-02-23,3.22
2025-02-24,2.66
2025-02-25,1.61
2025-02-26,2.53
2025-02-27,1.36
2025-02-28,-0.67
2025-03-01,-1.94
2025-03-02,-0.68
2025-03-03,3.6
2025-03-04,4.0
2025-03-05,4.51
2025-03-06,2.42
2025-03-07,2.67
2025-03-08,3.47
2025-03-09,3.39
2025-03-10,1.29
2025-03-11,1.58
2025-03-12,1.92
2025-03-13,2.73
2025-03-14,1.49
2025-03-15,1.54
2025-03-16,0.04
2025-03-17,2.3
2025-03-18,-5.25
2025-03-19,0.06
2025-03-20,1.26
2025-03-21,2.32
2025-03-22,1.87
2025-03-23,1.34
2025-03-24,3.16
2025-03-25,4.76
2025-03-26,5.82
2025-03-27,7.16
2025-03-28,6.6
2025-03-29,6.03
2025-03-30,8.67
2025-03-31,6.76
2025-04-01,3.1
2025-04-02,2.06
2025-04-03,5.61
2025-04-04,7.06
2025-04-05,10.15
2025-04-06,4.76
2025-04-07,-0.64
2025-04-08,1.06
2025-04-09,3.67
2025-04-10,6.41
2025-04-11,8.93
2025-04-12,6.22
2025-04-13,3.91
2025-04-14,4.59
2025-04-15,5.97
2025-04-16,6.99
2025-04-17,5.5
2025-04-18,5.34
2025-04-19,4.37
2025-04-20,5.38
2025-04-21,6.73
2025-04-22,9.14
2025-04-23,9.87
2025-04-24,9.26
2025-04-25,9.79
2025-04-26,7.95
2025-04-27,6.86
2025-04-28,8.52
2025-04-29,10.02
2025-04-30,10.75
2025-05-01,12.13
2025-05-02,13.25
2025-05-03,10.82
2025-05-04,9.64
2025-05-05,7.31
2025-05-06,5.7
2025-05-07,5.51
2025-05-08,5.15
2025-05-09,5.09
2025-05-10,6.18
2025-05-11,9.07
2025-05-12,9.05
2025-05-13,7.97
2025-05-14,8.76
2025-05-15,13.88
2025-05-16,6.11
2025-05-17,7.77
2025-05-18,8.78
2025-05-19,10.44
2025-05-20,9.28
2025-05-21,10.57
2025-05-22,8.03
2025-05-23,6.75
2025-05-24,7.08
2025-05-25,8.56
2025-05-26,11.51
2025-05-27,8.55
2025-05-28,12.38
2025-05-29,14.36
2025-05-30,12.77
2025-05-31,14.22
2025-06-01,14.73
2025-06-02,11.8
2025-06-03,11.95
2025-06-04,10.25
2025-06-05,10.68
2025-06-06,12.07
2025-06-07,12.41
2025-06-08,16.82
2025-06-09,12.22
2025-06-10,14.12
2025-06-11,16.94
2025-06-12,17.19
2025-06-13,18.37
2025-06-14,18.46
2025-06-15,18.88
2025-06-16,18.15
2025-06-17,13.15
2025-06-18,16.22
2025-06-19,17.75
2025-06-20,18.87
2025-06-21,15.68
2025-06-22,16.6
2025-06-23,17.92
2025-06-24,18.5
2025-06-25,19.71
2025-06-26,18.53
2025-06-27,18.89
2025-06-28,20.78
2025-06-29,20.73
2025-06-30,21.03
2025-07-01,19.9
2025-07-02,19.91
2025-07-03,19.73
2025-07-04,20.07
2025-07-05,15.86
2025-07-06,15.41
2025-07-07,15.29
2025-07-08,13.75
2025-07-09,12.89
2025-07-10,12.81
2025-07-11,14.21
2025-07-12,14.13
2025-07-13,13.19
2025-07-14,16.63
2025-07-15,17.48
2025-07-16,17.9
2025-07-17,17.72
2025-07-18,16.62
2025-07-19,15.74
2025-07-20,16.4
2025-07-21,15.54
2025-07-22,16.39
2025-07-23,14.91
2025-07-24,12.92
2025-07-25,12.17
2025-07-26,11.81
2025-07-27,16.92
2025-07-28,14.19
2025-07-29,13.9
2025-07-30,12.25
2025-07-31,15.47
2025-08-01,13.19
2025-08-02,12.94
2025-08-03,12.67
2025-08-04,14.34
2025-08-05,14.99
2025-08-06,14.78
2025-08-07,15.64
2025-08-08,17.33
2025-08-09,19.77
2025-08-10,22.62
2025-08-11,20.62
2025-08-12,21.61
2025-08-13,23.05
2025-08-14,21.78
2025-08-15,21.37
2025-08-16,21.75
2025-08-17,20.27
2025-08-18,17.27
2025-08-19,17.5
2025-08-20,13.29
2025-08-21,13.98
2025-08-22,14.43
2025-08-23,13.5
2025-08-24,10.68
2025-08-25,12.09
2025-08-26,14.25
2025-08-27,14.26
2025-08-28,14.07
2025-08-29,12.28
2025-08-30,13.7
2025-08-31,13.34
2025-09-01,11.75
2025-09-02,11.8
2025-09-03,13.13
2025-09-04,13.51
2025-09-05,13.71
2025-09-06,13.08
2025-09-07,14.44
2025-09-08,14.52
2025-09-09,13.21
2025-09-10,11.26
2025-09-11,12.69
2025-09-12,11.65
2025-09-13,11.09
2025-09-14,14.62
2025-09-15,12.14
2025-09-16,15.03
2025-09-17,12.33
2025-09-18,13.77
2025-09-19,18.18
2025-09-20,17.21
2025-09-21,13.36
2025-09-22,10.53
2025-09-23,10.31
2025-09-24,7.74
2025-09-25,6.04
2025-09-26,4.34
2025-09-27,5.53
2025-09-28,9.2
2025-09-29,10.02
2025-09-30,9.32
2025-10-01,4.04
2025-10-02,4.16
2025-10-03,5.37
2025-10-04,6.5
2025-10-05,6.78
2025-10-06,8.45
2025-10-07,10.07
2025-10-08,9.48
2025-10-09,10.5
2025-10-10,12.31
2025-10-11,11.26
2025-10-12,11.43
2025-10-13,7.92
2025-10-14,8.14
2025-10-15,8.08
2025-10-16,5.49
2025-10-17,5.34
2025-10-18,5.83
2025-10-19,4.69
2025-10-20,3.57
2025-10-21,5.73
2025-10-22,7.17
2025-10-23,6.55
2025-10-24,6.96
2025-10-25,5.11
2025-10-26,7.17
2025-10-27,5.3
2025-10-28,7.47
2025-10-29,4.97
2025-10-30,7.82
2025-10-31,8.33
2025-11-01,8.13
2025-11-02,7.08
2025-11-03,6.76
2025-11-04,6.46
2025-11-05,9.14
2025-11-06,8.88
2025-11-07,5.3
2025-11-08,5.32
2025-11-09,4.98
2025-11-10,5.95
2025-11-11,5.81
2025-11-12,4.79
2025-11-13,6.04
2025-11-14,5.71
2025-11-15,6.05
2025-11-16,5.45
2025-11-17,6.67
2025-11-18,-1.81
2025-11-19,-2.47
2025-11-20,-0.07
2025-11-21,-4.67
2025-11-22,-2.43
2025-11-23,-3.24
2025-11-24,-2.35
2025-11-25,3.3
2025-11-26,1.83
2025-11-27,1.77
2025-11-28,4.2
2025-11-29,4.63
2025-11-30,2.04
2025-12-01,-0.15
2025-12-02,0.47
2025-12-03,0.41
2025-12-04,0.6
2025-12-05,1.8
2025-12-06,3.07
2025-12-07,3.56
2025-12-08,6.49
2025-12-09,5.86
2025-12-10,4.26
2025-12-11,4.76
2025-12-12,5.41
2025-12-13,7.46
2025-12-14,5.22
2025-12-15,2.48
2025-12-16,0.89
2025-12-17,2.22
2025-12-18,2.39
2025-12-19,2.53
2025-12-20,3.97
2025-12-21,2.19
2025-12-22,0.25
2025-12-23,2.56
2025-12-24,-1.02
2025-12-25,-0.69
2025-12-26,1.08
2025-12-27,8.32
2025-12-28,9.72
2025-12-29,6.99
2025-12-30,2.09
2025-12-31,-4.91
2026-01-01,-2.97
2026-01-02,-0.89
2026-01-03,-1.48
2026-01-04,-3.79
2026-01-05,-3.7
2026-01-06,-3.56
2026-01-07,-5.1
2026-01-08,-1.99
2026-01-09,-1.79
2026-01-10,0.26
2026-01-11,-1.4
2026-01-12,-1.05
2026-01-13,0.33
2026-01-14,1.04
2026-01-15,0.37
2026-01-16,0.85
2026-01-17,0.82
2026-01-18,0.03
2026-01-19,-0.94
2026-01-20,-0.77
2026-01-21,-0.63
2026-01-22,-1.41
2026-01-23,-2.07
2026-01-24,-0.41
2026-01-25,-0.92
2026-01-26,0.81
2026-01-27,-0.46
2026-01-28,-0.51
2026-01-29,2.34
2026-01-30,-0.03
2026-01-31,-0.83
2026-02-01,-0.18
2026-02-02,-2.94
2026-02-03,-1.42
2026-02-04,-0.49
2026-02-05,1.89
2026-02-06,2.86
2026-02-07,1.93
2026-02-08,1.65
2026-02-09,1.04
2026-02-10,0.08
2026-02-11,2.8
2026-02-12,4.7
2026-02-13,5.29
2026-02-14,2.67
2026-02-15,2.43
2026-02-16,0.79
2026-02-17,1.69
2026-02-18,0.41
2026-02-19,2.01
2026-02-20,4.44
2026-02-21,4.94
2026-02-22,6.14
2026-02-23,7.35
2026-02-24,9.24
2026-02-25,4.2
2026-02-26,7.45
2026-02-27,5.4
2026-02-28,3.19
2026-03-01,1.93
2026-03-02,0.54
2026-03-03,1.62
2026-03-04,2.41
2026-03-05,2.33
2026-03-06,4.48
2026-03-07,3.95
2026-03-08,2.51
2026-03-09,2.84
2026-03-10,2.07
2026-03-11,1.36
2026-03-12,2.86
2026-03-13,2.85
2026-03-14,0.67
2026-03-15,2.38
2026-03-16,5.5
2026-03-17,1.58
2026-03-18,0.67
2026-03-19,2.68
2026-03-20,2.02
2026-03-21,2.03
2026-03-22,-0.13
2026-03-23,2.36
2026-03-24,3.18
2026-03-25,4.54
2026-03-26,-0.04
2026-03-27,1.5
2026-03-28,5.17
2026-03-29,3.59
2026-03-30,4.65
2026-03-31,1.32
2026-04-01,2.79
2026-04-02,6.81
2026-04-03,8.25
2026-04-04,7.18
2026-04-05,8.58
2026-04-06,10.64
2026-04-07,10.94
2026-04-08,10.34
2026-04-09,9.51
2026-04-10,12.14
2026-04-11,7.65
2026-04-12,6.09
2026-04-13,5.23
2026-04-14,6.92
2026-04-15,7.53
2026-04-16,10.71
2026-04-17,9.45
2026-04-18,9.87
2026-04-19,9.2
2026-04-20,7.43
2026-04-21,4.95
2026-04-22,2.41
2026-04-23,7.75
2026-04-24,9.97
2026-04-25,10.87
2026-04-26,11.52
2026-04-27,11.21
2026-04-28,8.55
2026-04-29,7.84
2026-04-30,3.15
2026-05-01,5.05
2026-05-02,8.68
2026-05-03,10.23
2026-05-04,7.72
2026-05-05,5.13
2026-05-06,7.16
2026-05-07,7.75
2026-05-08,7.55
2026-05-09,10.31
2026-05-10,6.27
2026-05-11,7.24
2026-05-12,8.13
